0 2241.04 153418 155659 300
0.1 2241.04 152835 155076 300
0.2 2241.04 152764 155005 300
0.3 2241.04 152781 155022 300
0.4 2241.04 152762 155003 300
0.5 2241.04 152755 154996 300
0.6 2241.04 152761 155002 300
0.7 2241.04 152761 155002 300
0.8 2241.04 152755 154996 300
0.9 2241.04 152755 154996 300
1 2241.04 152760 155001 300
1.1 2241.04 152756 154997 300
1.2 2241.04 152753 154994 300
1.3 2241.04 152749 154990 300
1.4 2241.04 152751 154992 300
1.5 2241.04 152753 154994 300
1.6 2241.04 152749 154990 300
1.7 2241.04 152749 154990 300
1.8 2241.04 152749 154990 300
1.9 2241.04 152748 154989 300
2 2241.04 152750 154991 300
2.1 2241.04 152748 154989 300
2.2 2241.04 152744 154985 300
2.3 2241.04 152741 154982 300
2.4 2241.04 152742 154983 300
2.5 2241.04 152748 154989 300
2.6 2241.04 152744 154985 300
2.7 2241.04 152739 154980 300
2.8 2241.04 152740 154981 300
2.9 2241.04 152746 154987 300
3 2241.04 152743 154984 300
3.1 2241.04 152741 154982 300
3.2 2241.04 152742 154983 300
3.3 2241.04 152743 154984 300
3.4 2241.04 152739 154980 300
3.5 2241.04 152741 154982 300
3.6 2241.04 152739 154980 300
3.7 2241.04 152739 154980 300
3.8 2241.04 152741 154982 300
3.9 2241.04 152740 154981 300
4 2241.04 152746 154987 300
4.1 2241.04 152738 154979 300
4.2 2241.04 152740 154981 300
4.3 2241.04 152739 154980 300
4.4 2241.04 152736 154977 300
4.5 2241.04 152737 154978 300
4.6 2241.04 152735 154976 300
4.7 2241.04 152740 154981 300
4.8 2241.04 152736 154977 300
4.9 2241.04 152737 154978 300
5 2241.04 152737 154978 300
5.1 2241.04 152736 154977 300
5.2 2241.04 152734 154975 300
5.3 2241.04 152736 154977 300
5.4 2241.04 152732 154973 300
5.5 2241.04 152737 154978 300
5.6 2241.04 152733 154974 300
5.7 2241.04 152733 154974 300
5.8 2241.04 152734 154975 300
5.9 2241.04 152736 154977 300
6 2241.04 152733 154974 300
6.1 2241.04 152734 154975 300
6.2 2241.04 152734 154975 300
6.3 2241.04 152733 154974 300
6.4 2241.04 152733 154974 300
6.5 2241.04 152730 154971 300
6.6 2241.04 152732 154973 300
6.7 2241.04 152731 154972 300
6.8 2241.04 152732 154974 300
6.9 2241.04 152733 154974 300
7 2241.04 152730 154971 300
7.1 2241.04 152728 154969 300
7.2 2241.04 152734 154975 300
7.3 2241.04 152732 154973 300
7.4 2241.04 152730 154971 300
7.5 2241.04 152729 154970 300
7.6 2241.04 152730 154971 300
7.7 2241.04 152728 154969 300
7.8 2241.04 152730 154971 300
7.9 2241.04 152729 154970 300
8 2241.04 152729 154970 300
8.1 2241.04 152728 154969 300
8.2 2241.04 152727 154968 300
8.3 2241.04 152729 154970 300
8.4 2241.04 152730 154971 300
8.5 2241.04 152727 154968 300
8.6 2241.04 152727 154968 300
8.7 2241.04 152726 154967 300
8.8 2241.04 152726 154967 300
8.9 2241.04 152724 154965 300
9 2241.04 152725 154966 300
9.1 2241.04 152725 154966 300
9.2 2241.04 152726 154967 300
9.3 2241.04 152725 154966 300
9.4 2241.04 152723 154964 300
9.5 2241.04 152725 154966 300
9.6 2241.04 152726 154967 300
9.7 2241.04 152727 154968 300
9.8 2241.04 152724 154965 300
9.9 2241.04 152723 154964 300
10 2241.04 152727 154968 300
10.1 2241.04 152727 154968 300
10.2 2241.04 152725 154966 300
10.3 2241.04 152725 154966 300
10.4 2241.04 152727 154968 300
10.5 2241.04 152724 154965 300
10.6 2241.04 152723 154964 300
10.7 2241.04 152725 154966 300
10.8 2241.04 152724 154965 300
10.9 2241.04 152725 154966 300
11 2241.04 152723 154964 300
11.1 2241.04 152724 154965 300
11.2 2241.04 152725 154966 300
11.3 2241.04 152725 154966 300
11.4 2241.04 152724 154965 300
11.5 2241.04 152725 154966 300
11.6 2241.04 152724 154965 300
11.7 2241.04 152724 154965 300
11.8 2241.04 152722 154963 300
11.9 2241.04 152722 154963 300
12 2241.04 152724 154965 300
12.1 2241.04 152724 154965 300
12.2 2241.04 152720 154961 300
12.3 2241.04 152722 154963 300
12.4 2241.04 152722 154963 300
12.5 2241.04 152723 154964 300
12.6 2241.04 152721 154962 300
12.7 2241.04 152724 154965 300
12.8 2241.04 152721 154962 300
12.9 2241.04 152722 154963 300
13 2241.04 152723 154964 300
13.1 2241.04 152723 154964 300
13.2 2241.04 152721 154962 300
13.3 2241.04 152723 154964 300
13.4 2241.04 152724 154965 300
13.5 2241.04 152723 154964 300
13.6 2241.04 152722 154963 300
13.7 2241.04 152724 154965 300
13.8 2241.04 152722 154963 300
13.9 2241.04 152722 154963 300
14 2241.04 152720 154961 300
14.1 2241.04 152721 154962 300
14.2 2241.04 152723 154964 300
14.3 2241.04 152722 154963 300
14.4 2241.04 152721 154962 300
14.5 2241.04 152725 154966 300
14.6 2241.04 152722 154963 300
14.7 2241.04 152723 154964 300
14.8 2241.04 152723 154964 300
14.9 2241.04 152722 154963 300
15 2241.04 152721 154962 300
15.1 2241.04 152722 154963 300
15.2 2241.04 152720 154961 300
15.3 2241.04 152720 154961 300
15.4 2241.04 152721 154962 300
15.5 2241.04 152722 154963 300
15.6 2241.04 152721 154962 300
15.7 2241.04 152720 154961 300
15.8 2241.04 152720 154961 300
15.9 2241.04 152723 154964 300
16 2241.04 152721 154962 300
16.1 2241.04 152722 154964 300
16.2 2241.04 152721 154962 300
16.3 2241.04 152721 154962 300
16.4 2241.04 152722 154963 300
16.5 2241.04 152720 154961 300
16.6 2241.04 152719 154960 300
16.7 2241.04 152721 154962 300
16.8 2241.04 152721 154962 300
16.9 2241.04 152718 154959 300
17 2241.04 152719 154960 300
17.1 2241.04 152719 154960 300
17.2 2241.04 152719 154960 300
17.3 2241.04 152720 154961 300
17.4 2241.04 152718 154959 300
17.5 2241.04 152719 154960 300
17.6 2241.04 152719 154960 300
17.7 2241.04 152720 154961 300
17.8 2241.04 152719 154960 300
17.9 2241.04 152720 154961 300
18 2241.04 152720 154961 300
18.1 2241.04 152718 154959 300
18.2 2241.04 152721 154962 300
18.3 2241.04 152719 154960 300
18.4 2241.04 152720 154961 300
18.5 2241.04 152719 154960 300
18.6 2241.04 152720 154961 300
18.7 2241.04 152720 154961 300
18.8 2241.04 152720 154961 300
18.9 2241.04 152719 154961 300
19 2241.04 152720 154962 300
19.1 2241.04 152720 154961 300
19.2 2241.04 152720 154961 300
19.3 2241.04 152718 154959 300
19.4 2241.04 152718 154959 300
19.5 2241.04 152720 154961 300
19.6 2241.04 152721 154962 300
19.7 2241.04 152719 154960 300
19.8 2241.04 152718 154959 300
19.9 2241.04 152720 154961 300
20 2241.04 152721 154962 300
20.1 2241.04 152719 154960 300
20.2 2241.04 152720 154961 300
20.3 2241.04 152720 154961 300
20.4 2241.04 152720 154961 300
20.5 2241.04 152719 154960 300
20.6 2241.04 152718 154959 300
20.7 2241.04 152718 154959 300
20.8 2241.04 152721 154962 300
20.9 2241.04 152720 154961 300
21 2241.04 152718 154959 300
21.1 2241.04 152716 154957 300
21.2 2241.04 152720 154961 300
21.3 2241.04 152720 154961 300
21.4 2241.04 152719 154960 300
21.5 2241.04 152719 154960 300
21.6 2241.04 152717 154958 300
21.7 2241.04 152717 154958 300
21.8 2241.04 152719 154960 300
21.9 2241.04 152717 154958 300
22 2241.04 152717 154958 300
22.1 2241.04 152718 154959 300
22.2 2241.04 152717 154958 300
22.3 2241.04 152717 154958 300
22.4 2241.04 152718 154959 300
22.5 2241.04 152718 154959 300
22.6 2241.04 152719 154960 300
22.7 2241.04 152717 154958 300
22.8 2241.04 152717 154958 300
22.9 2241.04 152719 154960 300
23 2241.04 152720 154961 300
23.1 2241.04 152718 154959 300
23.2 2241.04 152719 154960 300
23.3 2241.04 152720 154961 300
23.4 2241.04 152717 154958 300
23.5 2241.04 152716 154957 300
23.6 2241.04 152718 154959 300
23.7 2241.04 152720 154961 300
23.8 2241.04 152718 154959 300
23.9 2241.04 152716 154957 300
24 2241.04 152716 154957 300
24.1 2241.04 152719 154960 300
24.2 2241.04 152720 154961 300
24.3 2241.04 152717 154958 300
24.4 2241.04 152714 154955 300
24.5 2241.04 152718 154959 300
24.6 2241.04 152720 154961 300
24.7 2241.04 152717 154958 300
24.8 2241.04 152716 154957 300
24.9 2241.04 152717 154958 300
25 2241.04 152717 154958 300
25.1 2241.04 152718 154959 300
25.2 2241.04 152716 154957 300
25.3 2241.04 152716 154957 300
25.4 2241.04 152717 154958 300
25.5 2241.04 152718 154959 300
25.6 2241.04 152716 154957 300
25.7 2241.04 152716 154957 300
25.8 2241.04 152718 154959 300
25.9 2241.04 152719 154960 300
26 2241.04 152717 154959 300
26.1 2241.04 152716 154957 300
26.2 2241.04 152718 154959 300
26.3 2241.04 152717 154958 300
26.4 2241.04 152716 154958 300
26.5 2241.04 152716 154957 300
26.6 2241.04 152715 154956 300
26.7 2241.04 152717 154958 300
26.8 2241.04 152718 154959 300
26.9 2241.04 152716 154957 300
27 2241.04 152716 154957 300
27.1 2241.04 152717 154958 300
27.2 2241.04 152717 154958 300
27.3 2241.04 152716 154957 300
27.4 2241.04 152717 154958 300
27.5 2241.04 152716 154957 300
27.6 2241.04 152716 154957 300
27.7 2241.04 152716 154957 300
27.8 2241.04 152717 154958 300
27.9 2241.04 152716 154957 300
28 2241.04 152715 154957 300
28.1 2241.04 152716 154957 300
28.2 2241.04 152714 154955 300
28.3 2241.04 152715 154956 300
28.4 2241.04 152715 154956 300
28.5 2241.04 152713 154954 300
28.6 2241.04 152712 154953 300
28.7 2241.04 152715 154956 300
28.8 2241.04 152713 154954 300
28.9 2241.04 152713 154954 300
29 2241.04 152714 154956 300
29.1 2241.04 152715 154956 300
29.2 2241.04 152712 154953 300
29.3 2241.04 152713 154954 300
29.4 2241.04 152714 154956 300
29.5 2241.04 152716 154957 300
29.6 2241.04 152715 154956 300
29.7 2241.04 152715 154956 300
29.8 2241.04 152713 154954 300
29.9 2241.04 152717 154958 300
30 2241.04 152717 154958 300
30.1 2241.04 152714 154955 300
30.2 2241.04 152714 154955 300
30.3 2241.04 152716 154957 300
30.4 2241.04 152715 154956 300
30.5 2241.04 152714 154956 300
30.6 2241.04 152715 154956 300
30.7 2241.04 152715 154956 300
30.8 2241.04 152714 154956 300
30.9 2241.04 152716 154957 300
31 2241.04 152715 154956 300
31.1 2241.04 152713 154954 300
31.2 2241.04 152714 154955 300
31.3 2241.04 152714 154955 300
31.4 2241.04 152714 154955 300
31.5 2241.04 152712 154954 300
31.6 2241.04 152713 154954 300
31.7 2241.04 152715 154956 300
31.8 2241.04 152712 154953 300
31.9 2241.04 152713 154954 300
32 2241.04 152714 154955 300
32.1 2241.04 152714 154955 300
32.2 2241.04 152714 154955 300
32.3 2241.04 152712 154953 300
32.4 2241.04 152714 154955 300
32.5 2241.04 152715 154956 300
32.6 2241.04 152716 154957 300
32.7 2241.04 152714 154955 300
32.8 2241.04 152712 154953 300
32.9 2241.04 152712 154954 300
33 2241.04 152714 154955 300
33.1 2241.04 152713 154954 300
33.2 2241.04 152713 154954 300
33.3 2241.04 152712 154953 300
33.4 2241.04 152711 154952 300
33.5 2241.04 152709 154951 300
33.6 2241.04 152711 154952 300
33.7 2241.04 152713 154954 300
33.8 2241.04 152712 154953 300
33.9 2241.04 152710 154951 300
34 2241.04 152709 154950 300
34.1 2241.04 152712 154953 300
34.2 2241.04 152712 154953 300
34.3 2241.04 152711 154952 300
34.4 2241.04 152711 154952 300
34.5 2241.04 152709 154950 300
34.6 2241.04 152712 154953 300
34.7 2241.04 152710 154951 300
34.8 2241.04 152710 154951 300
34.9 2241.04 152711 154952 300
35 2241.04 152712 154953 300
35.1 2241.04 152710 154951 300
35.2 2241.04 152709 154950 300
35.3 2241.04 152711 154952 300
35.4 2241.04 152712 154953 300
35.5 2241.04 152711 154952 300
35.6 2241.04 152709 154950 300
35.7 2241.04 152710 154951 300
35.8 2241.04 152711 154952 300
35.9 2241.04 152709 154951 300
36 2241.04 152711 154952 300
36.1 2241.04 152710 154951 300
36.2 2241.04 152708 154950 300
36.3 2241.04 152708 154949 300
36.4 2241.04 152708 154949 300
36.5 2241.04 152709 154950 300
36.6 2241.04 152708 154949 300
36.7 2241.04 152709 154950 300
36.8 2241.04 152708 154950 300
36.9 2241.04 152708 154950 300
37 2241.04 152709 154950 300
37.1 2241.04 152709 154950 300
37.2 2241.04 152708 154949 300
37.3 2241.04 152708 154949 300
37.4 2241.04 152707 154948 300
37.5 2241.04 152707 154948 300
37.6 2241.04 152707 154948 300
37.7 2241.04 152711 154952 300
37.8 2241.04 152705 154946 300
37.9 2241.04 152709 154950 300
38 2241.04 152709 154950 300
38.1 2241.04 152709 154950 300
38.2 2241.04 152709 154950 300
38.3 2241.04 152708 154949 300
38.4 2241.04 152709 154950 300
38.5 2241.04 152709 154950 300
38.6 2241.04 152708 154950 300
38.7 2241.04 152715 154956 300
38.8 2241.04 152709 154950 300
38.9 2241.04 152710 154951 300
39 2241.04 152710 154951 300
39.1 2241.04 152711 154952 300
39.2 2241.04 152710 154951 300
39.3 2241.04 152710 154951 300
39.4 2241.04 152709 154950 300
39.5 2241.04 152710 154951 300
39.6 2241.04 152709 154950 300
39.7 2241.04 152736 154977 300
39.8 2241.04 152709 154950 300
39.9 2241.04 152721 154962 300
40 2241.04 152708 154949 300
40.1 2241.04 152710 154951 300
40.2 2241.04 152709 154950 300
40.3 2241.04 152709 154950 300
40.4 2241.04 152710 154951 300
40.5 2241.04 152709 154950 300
40.6 2241.04 152710 154951 300
40.7 2241.04 152711 154952 300
40.8 2241.04 152710 154951 300
40.9 2241.04 152710 154951 300
41 2241.04 152710 154951 300
41.1 2241.04 152710 154951 300
41.2 2241.04 152710 154951 300
41.3 2241.04 152710 154951 300
41.4 2241.04 152709 154950 300
41.5 2241.04 152709 154950 300
41.6 2241.04 152709 154951 300
41.7 2241.04 152710 154951 300
41.8 2241.04 152711 154952 300
41.9 2241.04 152709 154950 300
42 2241.04 152710 154951 300
42.1 2241.04 152711 154952 300
42.2 2241.04 152710 154951 300
42.3 2241.04 152710 154951 300
42.4 2241.04 152718 154959 300
42.5 2241.04 152710 154951 300
42.6 2241.04 152710 154952 300
42.7 2241.04 152709 154950 300
42.8 2241.04 152710 154951 300
42.9 2241.04 152709 154950 300
43 2241.04 152710 154951 300
43.1 2241.04 152710 154951 300
43.2 2241.04 152710 154951 300
43.3 2241.04 152710 154951 300
43.4 2241.04 152709 154950 300
43.5 2241.04 152709 154950 300
43.6 2241.04 152709 154950 300
43.7 2241.04 152709 154950 300
43.8 2241.04 152709 154950 300
43.9 2241.04 152710 154951 300
44 2241.04 152708 154949 300
44.1 2241.04 152709 154950 300
44.2 2241.04 152709 154950 300
44.3 2241.04 152709 154950 300
44.4 2241.04 152709 154950 300
44.5 2241.04 152711 154952 300
44.6 2241.04 152711 154952 300
44.7 2241.04 152710 154951 300
44.8 2241.04 152709 154950 300
44.9 2241.04 152710 154951 300
45 2241.04 152709 154950 300
45.1 2241.04 152710 154951 300
45.2 2241.04 152708 154949 300
45.3 2241.04 152707 154948 300
45.4 2241.04 152709 154950 300
45.5 2241.04 152710 154951 300
45.6 2241.04 152708 154950 300
45.7 2241.04 152708 154949 300
45.8 2241.04 152709 154950 300
45.9 2241.04 152710 154951 300
46 2241.04 152710 154951 300
46.1 2241.04 152709 154950 300
46.2 2241.04 152709 154950 300
46.3 2241.04 152710 154951 300
46.4 2241.04 152709 154950 300
46.5 2241.04 152709 154950 300
46.6 2241.04 152709 154950 300
46.7 2241.04 152710 154951 300
46.8 2241.04 152710 154951 300
46.9 2241.04 152708 154949 300
47 2241.04 152709 154950 300
47.1 2241.04 152710 154951 300
47.2 2241.04 152711 154952 300
47.3 2241.04 152713 154954 300
47.4 2241.04 152710 154951 300
47.5 2241.04 152709 154950 300
47.6 2241.04 152710 154951 300
47.7 2241.04 152712 154953 300
47.8 2241.04 152712 154953 300
47.9 2241.04 152709 154951 300
48 2241.04 152709 154950 300
48.1 2241.04 152711 154952 300
48.2 2241.04 152711 154952 300
48.3 2241.04 152711 154952 300
48.4 2241.04 152710 154951 300
48.5 2241.04 152709 154950 300
48.6 2241.04 152708 154949 300
48.7 2241.04 152708 154949 300
48.8 2241.04 152711 154952 300
48.9 2241.04 152709 154950 300
49 2241.04 152709 154950 300
49.1 2241.04 152708 154949 300
49.2 2241.04 152711 154952 300
49.3 2241.04 152709 154950 300
49.4 2241.04 152711 154952 300
49.5 2241.04 152710 154951 300
49.6 2241.04 152708 154949 300
49.7 2241.04 152708 154949 300
49.8 2241.04 152709 154950 300
49.9 2241.04 152708 154949 300
50 2241.04 152709 154950 300
50.1 2241.04 152708 154949 300
50.2 2241.04 152707 154948 300
50.3 2241.04 152707 154948 300
50.4 2241.04 152708 154949 300
50.5 2241.04 152707 154948 300
50.6 2241.04 152706 154947 300
50.7 2241.04 152707 154948 300
50.8 2241.04 152707 154948 300
50.9 2241.04 152705 154946 300
51 2241.04 152706 154947 300
51.1 2241.04 152708 154949 300
51.2 2241.04 152706 154947 300
51.3 2241.04 152706 154947 300
51.4 2241.04 152706 154947 300
51.5 2241.04 152706 154947 300
51.6 2241.04 152706 154947 300
51.7 2241.04 152706 154947 300
51.8 2241.04 152706 154947 300
51.9 2241.04 152705 154946 300
52 2241.04 152710 154951 300
52.1 2241.04 152706 154947 300
52.2 2241.04 152706 154947 300
52.3 2241.04 152706 154947 300
52.4 2241.04 152708 154949 300
52.5 2241.04 152706 154947 300
52.6 2241.04 152705 154946 300
52.7 2241.04 152705 154946 300
52.8 2241.04 152707 154948 300
52.9 2241.04 152707 154948 300
53 2241.04 152706 154947 300
53.1 2241.04 152706 154947 300
53.2 2241.04 152706 154947 300
53.3 2241.04 152706 154948 300
53.4 2241.04 152707 154948 300
53.5 2241.04 152706 154947 300
53.6 2241.04 152707 154948 300
53.7 2241.04 152707 154948 300
53.8 2241.04 152706 154947 300
53.9 2241.04 152706 154947 300
54 2241.04 152707 154948 300
54.1 2241.04 152708 154949 300
54.2 2241.04 152708 154949 300
54.3 2241.04 152706 154947 300
54.4 2241.04 152706 154947 300
54.5 2241.04 152707 154948 300
54.6 2241.04 152708 154949 300
54.7 2241.04 152708 154949 300
54.8 2241.04 152708 154949 300
54.9 2241.04 152706 154947 300
55 2241.04 152708 154949 300
55.1 2241.04 152708 154949 300
55.2 2241.04 152708 154949 300
55.3 2241.04 152707 154948 300
55.4 2241.04 152708 154949 300
55.5 2241.04 152709 154950 300
55.6 2241.04 152707 154948 300
55.7 2241.04 152708 154949 300
55.8 2241.04 152708 154949 300
55.9 2241.04 152709 154950 300
56 2241.04 152708 154949 300
56.1 2241.04 152708 154949 300
56.2 2241.04 152707 154948 300
56.3 2241.04 152708 154949 300
56.4 2241.04 152709 154950 300
56.5 2241.04 152707 154949 300
56.6 2241.04 152708 154949 300
56.7 2241.04 152708 154949 300
56.8 2241.04 152708 154949 300
56.9 2241.04 152708 154949 300
57 2241.04 152709 154950 300
57.1 2241.04 152709 154950 300
57.2 2241.04 152709 154950 300
57.3 2241.04 152708 154949 300
57.4 2241.04 152710 154951 300
57.5 2241.04 152709 154950 300
57.6 2241.04 152708 154949 300
57.7 2241.04 152710 154951 300
57.8 2241.04 152706 154947 300
57.9 2241.04 152708 154949 300
58 2241.04 152707 154948 300
58.1 2241.04 152707 154948 300
58.2 2241.04 152708 154949 300
58.3 2241.04 152708 154949 300
58.4 2241.04 152707 154948 300
58.5 2241.04 152708 154949 300
58.6 2241.04 152708 154949 300
58.7 2241.04 152708 154949 300
58.8 2241.04 152706 154947 300
58.9 2241.04 152707 154948 300
59 2241.04 152706 154948 300
59.1 2241.04 152706 154947 300
59.2 2241.04 152704 154945 300
59.3 2241.04 152708 154949 300
59.4 2241.04 152705 154946 300
59.5 2241.04 152704 154945 300
59.6 2241.04 152705 154946 300
59.7 2241.04 152705 154946 300
59.8 2241.04 152704 154946 300
59.9 2241.04 152705 154946 300
60 2241.04 152705 154946 300
60.1 2241.04 152716 154957 300
60.2 2241.04 152705 154946 300
60.3 2241.04 152704 154945 300
60.4 2241.04 152705 154946 300
60.5 2241.04 152706 154947 300
60.6 2241.04 152706 154947 300
60.7 2241.04 152705 154946 300
60.8 2241.04 152704 154945 300
60.9 2241.04 152706 154947 300
61 2241.04 152706 154947 300
61.1 2241.04 152705 154946 300
61.2 2241.04 152706 154947 300
61.3 2241.04 152705 154946 300
61.4 2241.04 152704 154946 300
61.5 2241.04 152706 154947 300
61.6 2241.04 152705 154946 300
61.7 2241.04 152704 154945 300
61.8 2241.04 152705 154946 300
61.9 2241.04 152705 154946 300
62 2241.04 152705 154946 300
62.1 2241.04 152705 154946 300
62.2 2241.04 152705 154946 300
62.3 2241.04 152705 154946 300
62.4 2241.04 152705 154946 300
62.5 2241.04 152706 154947 300
62.6 2241.04 152704 154945 300
62.7 2241.04 152705 154946 300
62.8 2241.04 152704 154945 300
62.9 2241.04 152705 154946 300
63 2241.04 152705 154947 300
63.1 2241.04 152705 154946 300
63.2 2241.04 152704 154945 300
63.3 2241.04 152704 154945 300
63.4 2241.04 152706 154947 300
63.5 2241.04 152703 154944 300
63.6 2241.04 152704 154945 300
63.7 2241.04 152706 154947 300
63.8 2241.04 152705 154946 300
63.9 2241.04 152705 154946 300
64 2241.04 152706 154947 300
64.1 2241.04 152707 154948 300
64.2 2241.04 152707 154948 300
64.3 2241.04 152707 154948 300
64.4 2241.04 152707 154948 300
64.5 2241.04 152707 154948 300
64.6 2241.04 152708 154949 300
64.7 2241.04 152708 154949 300
64.8 2241.04 152707 154948 300
64.9 2241.04 152707 154948 300
65 2241.04 152708 154949 300
65.1 2241.04 152708 154949 300
65.2 2241.04 152708 154949 300
65.3 2241.04 152708 154949 300
65.4 2241.04 152708 154949 300
65.5 2241.04 152708 154949 300
65.6 2241.04 152709 154950 300
65.7 2241.04 152707 154949 300
65.8 2241.04 152707 154948 300
65.9 2241.04 152707 154948 300
66 2241.04 152707 154948 300
66.1 2241.04 152706 154948 300
66.2 2241.04 152707 154948 300
66.3 2241.04 152706 154947 300
66.4 2241.04 152706 154948 300
66.5 2241.04 152706 154947 300
66.6 2241.04 152705 154947 300
66.7 2241.04 152707 154948 300
66.8 2241.04 152706 154947 300
66.9 2241.04 152705 154946 300
67 2241.04 152705 154947 300
67.1 2241.04 152705 154947 300
67.2 2241.04 152705 154946 300
67.3 2241.04 152706 154947 300
67.4 2241.04 152704 154945 300
67.5 2241.04 152704 154946 300
67.6 2241.04 152705 154946 300
67.7 2241.04 152705 154946 300
67.8 2241.04 152703 154944 300
67.9 2241.04 152704 154945 300
68 2241.04 152704 154946 300
68.1 2241.04 152703 154944 300
68.2 2241.04 152706 154947 300
68.3 2241.04 152704 154945 300
68.4 2241.04 152705 154946 300
68.5 2241.04 152704 154945 300
68.6 2241.04 152709 154950 300
68.7 2241.04 152704 154945 300
68.8 2241.04 152704 154945 300
68.9 2241.04 152705 154946 300
69 2241.04 152705 154946 300
69.1 2241.04 152705 154946 300
69.2 2241.04 152704 154945 300
69.3 2241.04 152705 154946 300
69.4 2241.04 152705 154946 300
69.5 2241.04 152704 154945 300
69.6 2241.04 152704 154945 300
69.7 2241.04 152705 154946 300
69.8 2241.04 152705 154947 300
69.9 2241.04 152705 154946 300
70 2241.04 152704 154945 300
70.1 2241.04 152705 154946 300
70.2 2241.04 152704 154945 300
70.3 2241.04 152704 154945 300
70.4 2241.04 152705 154946 300
70.5 2241.04 152703 154944 300
70.6 2241.04 152703 154944 300
70.7 2241.04 152705 154946 300
70.8 2241.04 152703 154944 300
70.9 2241.04 152704 154945 300
71 2241.04 152704 154945 300
71.1 2241.04 152704 154945 300
71.2 2241.04 152703 154944 300
71.3 2241.04 152704 154945 300
71.4 2241.04 152704 154945 300
71.5 2241.04 152704 154945 300
71.6 2241.04 152706 154947 300
71.7 2241.04 152704 154946 300
71.8 2241.04 152705 154946 300
71.9 2241.04 152706 154947 300
72 2241.04 152707 154948 300
72.1 2241.04 152707 154948 300
72.2 2241.04 152707 154948 300
72.3 2241.04 152706 154947 300
72.4 2241.04 152705 154947 300
72.5 2241.04 152706 154947 300
72.6 2241.04 152717 154958 300
72.7 2241.04 152707 154948 300
72.8 2241.04 152704 154946 300
72.9 2241.04 152705 154946 300
73 2241.04 152706 154948 300
73.1 2241.04 152709 154950 300
73.2 2241.04 152705 154946 300
73.3 2241.04 152704 154945 300
73.4 2241.04 152706 154947 300
73.5 2241.04 152706 154947 300
73.6 2241.04 152707 154948 300
73.7 2241.04 152706 154947 300
73.8 2241.04 152707 154948 300
73.9 2241.04 152706 154947 300
74 2241.04 152707 154948 300
74.1 2241.04 152706 154947 300
74.2 2241.04 152706 154947 300
74.3 2241.04 152706 154947 300
74.4 2241.04 152707 154948 300
74.5 2241.04 152706 154947 300
74.6 2241.04 152706 154947 300
74.7 2241.04 152707 154948 300
74.8 2241.04 152706 154947 300
74.9 2241.04 152706 154947 300
75 2241.04 152707 154948 300
75.1 2241.04 152706 154947 300
75.2 2241.04 152705 154946 300
75.3 2241.04 152705 154946 300
75.4 2241.04 152705 154946 300
75.5 2241.04 152705 154946 300
75.6 2241.04 152706 154947 300
75.7 2241.04 152705 154946 300
75.8 2241.04 152704 154945 300
75.9 2241.04 152705 154946 300
76 2241.04 152706 154947 300
76.1 2241.04 152705 154946 300
76.2 2241.04 152705 154946 300
76.3 2241.04 152705 154946 300
76.4 2241.04 152704 154945 300
76.5 2241.04 152704 154945 300
76.6 2241.04 152705 154946 300
76.7 2241.04 152703 154944 300
76.8 2241.04 152704 154945 300
76.9 2241.04 152704 154945 300
77 2241.04 152703 154944 300
77.1 2241.04 152703 154944 300
77.2 2241.04 152704 154945 300
77.3 2241.04 152703 154944 300
77.4 2241.04 152704 154945 300
77.5 2241.04 152702 154943 300
77.6 2241.04 152703 154944 300
77.7 2241.04 152703 154944 300
77.8 2241.04 152704 154945 300
77.9 2241.04 152704 154945 300
78 2241.04 152702 154943 300
78.1 2241.04 152703 154944 300
78.2 2241.04 152702 154944 300
78.3 2241.04 152702 154943 300
78.4 2241.04 152702 154943 300
78.5 2241.04 152703 154944 300
78.6 2241.04 152700 154941 300
78.7 2241.04 152700 154941 300
78.8 2241.04 152701 154942 300
78.9 2241.04 152701 154942 300
79 2241.04 152700 154941 300
79.1 2241.04 152701 154942 300
79.2 2241.04 152700 154941 300
79.3 2241.04 152701 154942 300
79.4 2241.04 152702 154943 300
79.5 2241.04 152702 154943 300
79.6 2241.04 152702 154943 300
79.7 2241.04 152703 154944 300
79.8 2241.04 152702 154943 300
79.9 2241.04 152701 154942 300
80 2241.04 152701 154942 300
80.1 2241.04 152702 154943 300
80.2 2241.04 152702 154943 300
80.3 2241.04 152702 154943 300
80.4 2241.04 152701 154942 300
80.5 2241.04 152701 154942 300
80.6 2241.04 152703 154944 300
80.7 2241.04 152703 154944 300
80.8 2241.04 152702 154943 300
80.9 2241.04 152702 154943 300
81 2241.04 152702 154943 300
81.1 2241.04 152702 154943 300
81.2 2241.04 152702 154943 300
81.3 2241.04 152703 154944 300
81.4 2241.04 152703 154944 300
81.5 2241.04 152703 154944 300
81.6 2241.04 152703 154944 300
81.7 2241.04 152703 154944 300
81.8 2241.04 152703 154944 300
81.9 2241.04 152703 154944 300
82 2241.04 152704 154945 300
82.1 2241.04 152704 154945 300
82.2 2241.04 152704 154945 300
82.3 2241.04 152703 154944 300
82.4 2241.04 152704 154945 300
82.5 2241.04 152704 154945 300
82.6 2241.04 152704 154945 300
82.7 2241.04 152703 154944 300
82.8 2241.04 152703 154944 300
82.9 2241.04 152704 154945 300
83 2241.04 152703 154944 300
83.1 2241.04 152702 154943 300
83.2 2241.04 152702 154943 300
83.3 2241.04 152703 154944 300
83.4 2241.04 152703 154944 300
83.5 2241.04 152701 154942 300
83.6 2241.04 152700 154941 300
83.7 2241.04 152702 154943 300
83.8 2241.04 152701 154942 300
83.9 2241.04 152699 154940 300
84 2241.04 152700 154941 300
84.1 2241.04 152703 154944 300
84.2 2241.04 152702 154943 300
84.3 2241.04 152707 154948 300
84.4 2241.04 152702 154943 300
84.5 2241.04 152702 154943 300
84.6 2241.04 152703 154944 300
84.7 2241.04 152703 154944 300
84.8 2241.04 152702 154943 300
84.9 2241.04 152702 154943 300
85 2241.04 152704 154945 300
85.1 2241.04 152705 154946 300
85.2 2241.04 152705 154946 300
85.3 2241.04 152703 154944 300
85.4 2241.04 152704 154945 300
85.5 2241.04 152705 154946 300
85.6 2241.04 152704 154945 300
85.7 2241.04 152704 154945 300
85.8 2241.04 152704 154945 300
85.9 2241.04 152702 154943 300
86 2241.04 152702 154943 300
86.1 2241.04 152702 154943 300
86.2 2241.04 152703 154944 300
86.3 2241.04 152702 154943 300
86.4 2241.04 152701 154943 300
86.5 2241.04 152701 154942 300
86.6 2241.04 152701 154942 300
86.7 2241.04 152708 154949 300
86.8 2241.04 152701 154942 300
86.9 2241.04 152702 154943 300
87 2241.04 152701 154942 300
87.1 2241.04 152701 154942 300
87.2 2241.04 152703 154944 300
87.3 2241.04 152702 154943 300
87.4 2241.04 152702 154943 300
87.5 2241.04 152702 154943 300
87.6 2241.04 152703 154944 300
87.7 2241.04 152703 154944 300
87.8 2241.04 152702 154943 300
87.9 2241.04 152703 154944 300
88 2241.04 152703 154944 300
88.1 2241.04 152703 154944 300
88.2 2241.04 152703 154944 300
88.3 2241.04 152702 154943 300
88.4 2241.04 152702 154943 300
88.5 2241.04 152702 154943 300
88.6 2241.04 152702 154943 300
88.7 2241.04 152702 154943 300
88.8 2241.04 152702 154943 300
88.9 2241.04 152701 154942 300
89 2241.04 152701 154942 300
89.1 2241.04 152702 154943 300
89.2 2241.04 152703 154944 300
89.3 2241.04 152702 154943 300
89.4 2241.04 152703 154944 300
89.5 2241.04 152702 154943 300
89.6 2241.04 152702 154943 300
89.7 2241.04 152703 154944 300
89.8 2241.04 152703 154944 300
89.9 2241.04 152702 154943 300
90 2241.04 152703 154944 300
90.1 2241.04 152703 154944 300
90.2 2241.04 152704 154945 300
90.3 2241.04 152703 154944 300
90.4 2241.04 152703 154944 300
90.5 2241.04 152703 154944 300
90.6 2241.04 152703 154944 300
90.7 2241.04 152704 154945 300
90.8 2241.04 152701 154943 300
90.9 2241.04 152702 154943 300
91 2241.04 152717 154958 300
91.1 2241.04 152702 154943 300
91.2 2241.04 152701 154942 300
91.3 2241.04 152703 154944 300
91.4 2241.04 152703 154944 300
91.5 2241.04 152702 154943 300
91.6 2241.04 152701 154942 300
91.7 2241.04 152702 154943 300
91.8 2241.04 152702 154943 300
91.9 2241.04 152702 154943 300
92 2241.04 152702 154943 300
92.1 2241.04 152702 154943 300
92.2 2241.04 152702 154943 300
92.3 2241.04 152701 154942 300
92.4 2241.04 152703 154944 300
92.5 2241.04 152701 154942 300
92.6 2241.04 152702 154943 300
92.7 2241.04 152701 154942 300
92.8 2241.04 152701 154942 300
92.9 2241.04 152702 154943 300
93 2241.04 152702 154943 300
93.1 2241.04 152702 154943 300
93.2 2241.04 152701 154943 300
93.3 2241.04 152702 154943 300
93.4 2241.04 152703 154944 300
93.5 2241.04 152708 154949 300
93.6 2241.04 152703 154944 300
93.7 2241.04 152703 154944 300
93.8 2241.04 152703 154944 300
93.9 2241.04 152704 154945 300
94 2241.04 152704 154945 300
94.1 2241.04 152703 154944 300
94.2 2241.04 152702 154943 300
94.3 2241.04 152703 154944 300
94.4 2241.04 152703 154944 300
94.5 2241.04 152704 154945 300
94.6 2241.04 152704 154945 300
94.7 2241.04 152702 154943 300
94.8 2241.04 152701 154943 300
94.9 2241.04 152701 154942 300
95 2241.04 152703 154944 300
95.1 2241.04 152701 154942 300
95.2 2241.04 152701 154942 300
95.3 2241.04 152701 154942 300
95.4 2241.04 152700 154941 300
95.5 2241.04 152700 154941 300
95.6 2241.04 152700 154941 300
95.7 2241.04 152699 154940 300
95.8 2241.04 152700 154941 300
95.9 2241.04 152700 154941 300
96 2241.04 152699 154940 300
96.1 2241.04 152699 154940 300
96.2 2241.04 152700 154941 300
96.3 2241.04 152699 154940 300
96.4 2241.04 152700 154941 300
96.5 2241.04 152699 154940 300
96.6 2241.04 152699 154940 300
96.7 2241.04 152700 154941 300
96.8 2241.04 152701 154943 300
96.9 2241.04 152702 154943 300
97 2241.04 152700 154941 300
97.1 2241.04 152700 154941 300
97.2 2241.04 152700 154941 300
97.3 2241.04 152701 154942 300
97.4 2241.04 152700 154941 300
97.5 2241.04 152700 154941 300
97.6 2241.04 152702 154943 300
97.7 2241.04 152701 154942 300
97.8 2241.04 152701 154942 300
97.9 2241.04 152702 154943 300
98 2241.04 152700 154942 300
98.1 2241.04 152700 154941 300
98.2 2241.04 152700 154941 300
98.3 2241.04 152700 154941 300
98.4 2241.04 152700 154941 300
98.5 2241.04 152700 154941 300
98.6 2241.04 152698 154939 300
98.7 2241.04 152699 154940 300
98.8 2241.04 152699 154940 300
98.9 2241.04 152698 154939 300
99 2241.04 152697 154938 300
99.1 2241.04 152699 154940 300
99.2 2241.04 152697 154938 300
99.3 2241.04 152698 154939 300
99.4 2241.04 152698 154939 300
99.5 2241.04 152697 154939 300
99.6 2241.04 152698 154939 300
99.7 2241.04 152698 154939 300
99.8 2241.04 152699 154940 300
99.9 2241.04 152698 154939 300
100 2241.04 152699 154940 300
100.1 2241.04 152698 154939 300
100.2 2241.04 152698 154940 300
100.3 2241.04 152700 154941 300
100.4 2241.04 152699 154940 300
100.5 2241.04 152698 154940 300
100.6 2241.04 152698 154939 300
100.7 2241.04 152698 154939 300
100.8 2241.04 152699 154940 300
100.9 2241.04 152698 154939 300
101 2241.04 152698 154939 300
101.1 2241.04 152698 154940 300
101.2 2241.04 152698 154939 300
101.3 2241.04 152697 154938 300
101.4 2241.04 152699 154940 300
101.5 2241.04 152702 154943 300
101.6 2241.04 152698 154939 300
101.7 2241.04 152699 154940 300
101.8 2241.04 152698 154939 300
101.9 2241.04 152698 154939 300
102 2241.04 152698 154939 300
102.1 2241.04 152697 154938 300
102.2 2241.04 152695 154936 300
102.3 2241.04 152696 154937 300
102.4 2241.04 152696 154937 300
102.5 2241.04 152695 154936 300
102.6 2241.04 152696 154937 300
102.7 2241.04 152696 154937 300
102.8 2241.04 152697 154938 300
102.9 2241.04 152696 154937 300
103 2241.04 152696 154937 300
103.1 2241.04 152696 154937 300
103.2 2241.04 152697 154938 300
103.3 2241.04 152696 154937 300
103.4 2241.04 152697 154938 300
103.5 2241.04 152697 154938 300
103.6 2241.04 152698 154939 300
103.7 2241.04 152697 154938 300
103.8 2241.04 152697 154938 300
103.9 2241.04 152697 154938 300
104 2241.04 152697 154938 300
104.1 2241.04 152698 154939 300
104.2 2241.04 152697 154938 300
104.3 2241.04 152698 154939 300
104.4 2241.04 152698 154939 300
104.5 2241.04 152698 154939 300
104.6 2241.04 152697 154938 300
104.7 2241.04 152698 154939 300
104.8 2241.04 152699 154940 300
104.9 2241.04 152699 154940 300
105 2241.04 152699 154940 300
105.1 2241.04 152700 154941 300
105.2 2241.04 152698 154939 300
105.3 2241.04 152699 154940 300
105.4 2241.04 152698 154939 300
105.5 2241.04 152699 154940 300
105.6 2241.04 152698 154939 300
105.7 2241.04 152698 154939 300
105.8 2241.04 152698 154939 300
105.9 2241.04 152697 154938 300
106 2241.04 152697 154938 300
106.1 2241.04 152697 154939 300
106.2 2241.04 152697 154938 300
106.3 2241.04 152697 154938 300
106.4 2241.04 152698 154939 300
106.5 2241.04 152698 154939 300
106.6 2241.04 152697 154938 300
106.7 2241.04 152697 154938 300
106.8 2241.04 152698 154939 300
106.9 2241.04 152697 154938 300
107 2241.04 152697 154938 300
107.1 2241.04 152697 154938 300
107.2 2241.04 152697 154938 300
107.3 2241.04 152698 154939 300
107.4 2241.04 152698 154939 300
107.5 2241.04 152698 154939 300
107.6 2241.04 152699 154940 300
107.7 2241.04 152700 154941 300
107.8 2241.04 152700 154941 300
107.9 2241.04 152700 154941 300
108 2241.04 152700 154941 300
108.1 2241.04 152701 154942 300
108.2 2241.04 152700 154941 300
108.3 2241.04 152701 154942 300
108.4 2241.04 152701 154942 300
108.5 2241.04 152701 154942 300
108.6 2241.04 152700 154941 300
108.7 2241.04 152699 154940 300
108.8 2241.04 152699 154940 300
108.9 2241.04 152699 154940 300
109 2241.04 152699 154940 300
109.1 2241.04 152698 154939 300
109.2 2241.04 152699 154940 300
109.3 2241.04 152699 154940 300
109.4 2241.04 152699 154940 300
109.5 2241.04 152699 154940 300
109.6 2241.04 152699 154940 300
109.7 2241.04 152701 154942 300
109.8 2241.04 152706 154947 300
109.9 2241.04 152697 154938 300
110 2241.04 152698 154939 300
110.1 2241.04 152698 154939 300
110.2 2241.04 152697 154939 300
110.3 2241.04 152697 154938 300
110.4 2241.04 152698 154939 300
110.5 2241.04 152698 154939 300
110.6 2241.04 152698 154939 300
110.7 2241.04 152699 154940 300
110.8 2241.04 152699 154940 300
110.9 2241.04 152699 154940 300
111 2241.04 152699 154940 300
111.1 2241.04 152700 154941 300
111.2 2241.04 152701 154942 300
111.3 2241.04 152701 154942 300
111.4 2241.04 152700 154941 300
111.5 2241.04 152700 154941 300
111.6 2241.04 152700 154941 300
111.7 2241.04 152700 154941 300
111.8 2241.04 152701 154942 300
111.9 2241.04 152701 154942 300
112 2241.04 152700 154941 300
112.1 2241.04 152698 154939 300
112.2 2241.04 152701 154942 300
112.3 2241.04 152698 154939 300
112.4 2241.04 152700 154941 300
112.5 2241.04 152700 154941 300
112.6 2241.04 152700 154941 300
112.7 2241.04 152699 154940 300
112.8 2241.04 152699 154940 300
112.9 2241.04 152700 154941 300
113 2241.04 152698 154939 300
113.1 2241.04 152699 154940 300
113.2 2241.04 152698 154939 300
113.3 2241.04 152698 154939 300
113.4 2241.04 152697 154938 300
113.5 2241.04 152699 154940 300
113.6 2241.04 152699 154940 300
113.7 2241.04 152698 154939 300
113.8 2241.04 152697 154938 300
113.9 2241.04 152698 154939 300
114 2241.04 152698 154939 300
114.1 2241.04 152698 154939 300
114.2 2241.04 152697 154938 300
114.3 2241.04 152697 154938 300
114.4 2241.04 152697 154938 300
114.5 2241.04 152698 154939 300
114.6 2241.04 152697 154938 300
114.7 2241.04 152697 154938 300
114.8 2241.04 152698 154939 300
114.9 2241.04 152697 154938 300
115 2241.04 152698 154939 300
115.1 2241.04 152698 154940 300
115.2 2241.04 152698 154939 300
115.3 2241.04 152697 154938 300
115.4 2241.04 152698 154940 300
115.5 2241.04 152697 154938 300
115.6 2241.04 152704 154945 300
115.7 2241.04 152698 154939 300
115.8 2241.04 152697 154938 300
115.9 2241.04 152699 154940 300
116 2241.04 152699 154940 300
116.1 2241.04 152698 154939 300
116.2 2241.04 152698 154939 300
116.3 2241.04 152698 154939 300
116.4 2241.04 152698 154939 300
116.5 2241.04 152698 154939 300
116.6 2241.04 152698 154939 300
116.7 2241.04 152697 154938 300
116.8 2241.04 152697 154938 300
116.9 2241.04 152698 154939 300
117 2241.04 152697 154938 300
117.1 2241.04 152697 154938 300
117.2 2241.04 152697 154938 300
117.3 2241.04 152695 154936 300
117.4 2241.04 152695 154936 300
117.5 2241.04 152696 154937 300
117.6 2241.04 152696 154937 300
117.7 2241.04 152698 154939 300
117.8 2241.04 152695 154936 300
117.9 2241.04 152696 154937 300
118 2241.04 152698 154939 300
118.1 2241.04 152698 154939 300
118.2 2241.04 152696 154937 300
118.3 2241.04 152696 154938 300
118.4 2241.04 152698 154939 300
118.5 2241.04 152698 154939 300
118.6 2241.04 152697 154938 300
118.7 2241.04 152697 154938 300
118.8 2241.04 152697 154938 300
118.9 2241.04 152696 154937 300
119 2241.04 152698 154939 300
119.1 2241.04 152694 154935 300
119.2 2241.04 152697 154938 300
119.3 2241.04 152696 154937 300
119.4 2241.04 152695 154936 300
119.5 2241.04 152695 154936 300
119.6 2241.04 152696 154937 300
119.7 2241.04 152695 154936 300
119.8 2241.04 152696 154937 300
119.9 2241.04 152696 154937 300
120 2241.04 152695 154937 300
120.1 2241.04 152696 154937 300
120.2 2241.04 152697 154938 300
120.3 2241.04 152695 154936 300
120.4 2241.04 152696 154937 300
120.5 2241.04 152697 154938 300
120.6 2241.04 152696 154937 300
120.7 2241.04 152696 154937 300
120.8 2241.04 152696 154937 300
120.9 2241.04 152696 154937 300
121 2241.04 152696 154937 300
121.1 2241.04 152696 154937 300
121.2 2241.04 152696 154937 300
121.3 2241.04 152696 154937 300
121.4 2241.04 152696 154937 300
121.5 2241.04 152697 154938 300
121.6 2241.04 152696 154937 300
121.7 2241.04 152696 154937 300
121.8 2241.04 152696 154937 300
121.9 2241.04 152696 154937 300
122 2241.04 152696 154937 300
122.1 2241.04 152697 154938 300
122.2 2241.04 152696 154937 300
122.3 2241.04 152695 154936 300
122.4 2241.04 152696 154937 300
122.5 2241.04 152697 154938 300
122.6 2241.04 152695 154937 300
122.7 2241.04 152696 154937 300
122.8 2241.04 152695 154936 300
122.9 2241.04 152696 154937 300
123 2241.04 152696 154937 300
123.1 2241.04 152697 154938 300
123.2 2241.04 152696 154937 300
123.3 2241.04 152697 154938 300
123.4 2241.04 152695 154936 300
123.5 2241.04 152703 154944 300
123.6 2241.04 152695 154936 300
123.7 2241.04 152695 154937 300
123.8 2241.04 152697 154938 300
123.9 2241.04 152694 154935 300
124 2241.04 152695 154936 300
124.1 2241.04 152696 154937 300
124.2 2241.04 152695 154936 300
124.3 2241.04 152694 154935 300
124.4 2241.04 152694 154935 300
124.5 2241.04 152696 154937 300
124.6 2241.04 152696 154937 300
124.7 2241.04 152695 154936 300
124.8 2241.04 152695 154936 300
124.9 2241.04 152695 154936 300
125 2241.04 152696 154937 300
125.1 2241.04 152697 154938 300
125.2 2241.04 152695 154936 300
125.3 2241.04 152694 154935 300
125.4 2241.04 152695 154936 300
125.5 2241.04 152696 154937 300
125.6 2241.04 152696 154937 300
125.7 2241.04 152696 154937 300
125.8 2241.04 152695 154936 300
125.9 2241.04 152696 154937 300
126 2241.04 152696 154937 300
126.1 2241.04 152697 154938 300
126.2 2241.04 152695 154936 300
126.3 2241.04 152695 154936 300
126.4 2241.04 152694 154935 300
126.5 2241.04 152696 154937 300
126.6 2241.04 152694 154935 300
126.7 2241.04 152695 154936 300
126.8 2241.04 152695 154936 300
126.9 2241.04 152694 154935 300
127 2241.04 152696 154937 300
127.1 2241.04 152692 154934 300
127.2 2241.04 152698 154939 300
127.3 2241.04 152695 154936 300
127.4 2241.04 152694 154935 300
127.5 2241.04 152693 154934 300
127.6 2241.04 152692 154934 300
127.7 2241.04 152697 154938 300
127.8 2241.04 152694 154935 300
127.9 2241.04 152693 154934 300
128 2241.04 152693 154934 300
128.1 2241.04 152694 154935 300
128.2 2241.04 152695 154936 300
128.3 2241.04 152695 154936 300
128.4 2241.04 152694 154935 300
128.5 2241.04 152693 154934 300
128.6 2241.04 152693 154934 300
128.7 2241.04 152693 154934 300
128.8 2241.04 152694 154935 300
128.9 2241.04 152692 154934 300
129 2241.04 152692 154934 300
129.1 2241.04 152691 154932 300
129.2 2241.04 152692 154933 300
129.3 2241.04 152692 154933 300
129.4 2241.04 152693 154934 300
129.5 2241.04 152692 154933 300
129.6 2241.04 152692 154933 300
129.7 2241.04 152694 154935 300
129.8 2241.04 152695 154936 300
129.9 2241.04 152694 154935 300
130 2241.04 152695 154936 300
130.1 2241.04 152694 154935 300
130.2 2241.04 152696 154937 300
130.3 2241.04 152695 154936 300
130.4 2241.04 152695 154936 300
130.5 2241.04 152695 154936 300
130.6 2241.04 152695 154936 300
130.7 2241.04 152695 154936 300
130.8 2241.04 152694 154935 300
130.9 2241.04 152695 154936 300
131 2241.04 152695 154936 300
131.1 2241.04 152694 154935 300
131.2 2241.04 152693 154934 300
131.3 2241.04 152694 154935 300
131.4 2241.04 152693 154934 300
131.5 2241.04 152694 154935 300
131.6 2241.04 152694 154935 300
131.7 2241.04 152693 154934 300
131.8 2241.04 152692 154933 300
131.9 2241.04 152716 154957 300
132 2241.04 152693 154934 300
132.1 2241.04 152693 154934 300
132.2 2241.04 152694 154935 300
132.3 2241.04 152694 154935 300
132.4 2241.04 152694 154935 300
132.5 2241.04 152694 154935 300
132.6 2241.04 152698 154939 300
132.7 2241.04 152693 154934 300
132.8 2241.04 152693 154934 300
132.9 2241.04 152693 154934 300
133 2241.04 152694 154935 300
133.1 2241.04 152694 154935 300
133.2 2241.04 152693 154934 300
133.3 2241.04 152692 154933 300
133.4 2241.04 152692 154933 300
133.5 2241.04 152692 154933 300
133.6 2241.04 152691 154933 300
133.7 2241.04 152693 154934 300
133.8 2241.04 152692 154933 300
133.9 2241.04 152693 154934 300
134 2241.04 152694 154935 300
134.1 2241.04 152693 154934 300
134.2 2241.04 152694 154935 300
134.3 2241.04 152694 154935 300
134.4 2241.04 152693 154934 300
134.5 2241.04 152693 154934 300
134.6 2241.04 152693 154934 300
134.7 2241.04 152694 154935 300
134.8 2241.04 152693 154934 300
134.9 2241.04 152692 154933 300
135 2241.04 152692 154933 300
135.1 2241.04 152692 154933 300
135.2 2241.04 152693 154934 300
135.3 2241.04 152694 154935 300
135.4 2241.04 152692 154933 300
135.5 2241.04 152695 154936 300
135.6 2241.04 152693 154934 300
135.7 2241.04 152694 154935 300
135.8 2241.04 152694 154935 300
135.9 2241.04 152694 154935 300
136 2241.04 152693 154934 300
136.1 2241.04 152692 154933 300
136.2 2241.04 152692 154933 300
136.3 2241.04 152692 154933 300
136.4 2241.04 152693 154934 300
136.5 2241.04 152690 154931 300
136.6 2241.04 152691 154932 300
136.7 2241.04 152691 154932 300
136.8 2241.04 152692 154933 300
136.9 2241.04 152691 154932 300
137 2241.04 152692 154933 300
137.1 2241.04 152693 154934 300
137.2 2241.04 152693 154934 300
137.3 2241.04 152693 154934 300
137.4 2241.04 152694 154935 300
137.5 2241.04 152693 154934 300
137.6 2241.04 152698 154939 300
137.7 2241.04 152692 154933 300
137.8 2241.04 152693 154934 300
137.9 2241.04 152693 154934 300
138 2241.04 152693 154935 300
138.1 2241.04 152694 154935 300
138.2 2241.04 152692 154933 300
138.3 2241.04 152693 154934 300
138.4 2241.04 152693 154934 300
138.5 2241.04 152693 154934 300
138.6 2241.04 152693 154934 300
138.7 2241.04 152693 154934 300
138.8 2241.04 152693 154934 300
138.9 2241.04 152692 154933 300
139 2241.04 152692 154933 300
139.1 2241.04 152693 154934 300
139.2 2241.04 152693 154934 300
139.3 2241.04 152692 154934 300
139.4 2241.04 152692 154933 300
139.5 2241.04 152692 154933 300
139.6 2241.04 152693 154934 300
139.7 2241.04 152693 154934 300
139.8 2241.04 152693 154934 300
139.9 2241.04 152692 154933 300
140 2241.04 152692 154933 300
140.1 2241.04 152693 154934 300
140.2 2241.04 152692 154933 300
140.3 2241.04 152693 154934 300
140.4 2241.04 152693 154934 300
140.5 2241.04 152692 154933 300
140.6 2241.04 152693 154934 300
140.7 2241.04 152693 154934 300
140.8 2241.04 152693 154934 300
140.9 2241.04 152692 154933 300
141 2241.04 152692 154933 300
141.1 2241.04 152692 154933 300
141.2 2241.04 152692 154933 300
141.3 2241.04 152691 154932 300
141.4 2241.04 152692 154933 300
141.5 2241.04 152692 154933 300
141.6 2241.04 152692 154933 300
141.7 2241.04 152691 154932 300
141.8 2241.04 152691 154932 300
141.9 2241.04 152692 154933 300
142 2241.04 152692 154933 300
142.1 2241.04 152692 154933 300
142.2 2241.04 152691 154932 300
142.3 2241.04 152692 154933 300
142.4 2241.04 152692 154933 300
142.5 2241.04 152692 154933 300
142.6 2241.04 152691 154932 300
142.7 2241.04 152692 154933 300
142.8 2241.04 152692 154933 300
142.9 2241.04 152692 154933 300
143 2241.04 152692 154933 300
143.1 2241.04 152692 154933 300
143.2 2241.04 152692 154933 300
143.3 2241.04 152691 154932 300
143.4 2241.04 152691 154932 300
143.5 2241.04 152692 154933 300
143.6 2241.04 152692 154933 300
143.7 2241.04 152691 154932 300
143.8 2241.04 152691 154932 300
143.9 2241.04 152690 154931 300
144 2241.04 152691 154932 300
144.1 2241.04 152689 154931 300
144.2 2241.04 152691 154932 300
144.3 2241.04 152691 154932 300
144.4 2241.04 152692 154933 300
144.5 2241.04 152692 154933 300
144.6 2241.04 152691 154932 300
144.7 2241.04 152692 154933 300
144.8 2241.04 152693 154934 300
144.9 2241.04 152692 154933 300
145 2241.04 152691 154932 300
145.1 2241.04 152691 154933 300
145.2 2241.04 152691 154932 300
145.3 2241.04 152691 154932 300
145.4 2241.04 152692 154933 300
145.5 2241.04 152691 154932 300
145.6 2241.04 152692 154933 300
145.7 2241.04 152692 154933 300
145.8 2241.04 152691 154932 300
145.9 2241.04 152693 154934 300
146 2241.04 152691 154932 300
146.1 2241.04 152692 154933 300
146.2 2241.04 152692 154933 300
146.3 2241.04 152692 154933 300
146.4 2241.04 152691 154932 300
146.5 2241.04 152690 154931 300
146.6 2241.04 152689 154930 300
146.7 2241.04 152691 154932 300
146.8 2241.04 152690 154931 300
146.9 2241.04 152690 154931 300
147 2241.04 152690 154931 300
147.1 2241.04 152691 154932 300
147.2 2241.04 152692 154933 300
147.3 2241.04 152691 154932 300
147.4 2241.04 152691 154932 300
147.5 2241.04 152691 154932 300
147.6 2241.04 152692 154933 300
147.7 2241.04 152692 154933 300
147.8 2241.04 152691 154932 300
147.9 2241.04 152691 154932 300
148 2241.04 152692 154933 300
148.1 2241.04 152689 154930 300
148.2 2241.04 152690 154931 300
148.3 2241.04 152690 154931 300
148.4 2241.04 152691 154932 300
148.5 2241.04 152690 154931 300
148.6 2241.04 152690 154931 300
148.7 2241.04 152691 154932 300
148.8 2241.04 152691 154933 300
148.9 2241.04 152692 154933 300
149 2241.04 152690 154931 300
149.1 2241.04 152691 154933 300
149.2 2241.04 152692 154933 300
149.3 2241.04 152691 154932 300
149.4 2241.04 152691 154932 300
149.5 2241.04 152692 154933 300
149.6 2241.04 152692 154933 300
149.7 2241.04 152691 154932 300
149.8 2241.04 152691 154932 300
149.9 2241.04 152691 154932 300
150 2241.04 152690 154932 300
150.1 2241.04 152691 154932 300
150.2 2241.04 152691 154932 300
150.3 2241.04 152691 154932 300
150.4 2241.04 152692 154933 300
150.5 2241.04 152691 154932 300
150.6 2241.04 152691 154932 300
150.7 2241.04 152692 154933 300
150.8 2241.04 152692 154933 300
150.9 2241.04 152691 154932 300
151 2241.04 152690 154931 300
151.1 2241.04 152691 154932 300
151.2 2241.04 152690 154931 300
151.3 2241.04 152690 154931 300
151.4 2241.04 152690 154931 300
151.5 2241.04 152690 154931 300
151.6 2241.04 152691 154932 300
151.7 2241.04 152691 154932 300
151.8 2241.04 152691 154932 300
151.9 2241.04 152692 154933 300
152 2241.04 152692 154933 300
152.1 2241.04 152692 154933 300
152.2 2241.04 152692 154933 300
152.3 2241.04 152692 154933 300
152.4 2241.04 152692 154933 300
152.5 2241.04 152692 154933 300
152.6 2241.04 152691 154932 300
152.7 2241.04 152691 154932 300
152.8 2241.04 152692 154933 300
152.9 2241.04 152691 154932 300
153 2241.04 152690 154931 300
153.1 2241.04 152691 154932 300
153.2 2241.04 152691 154932 300
153.3 2241.04 152690 154932 300
153.4 2241.04 152691 154932 300
153.5 2241.04 152691 154932 300
153.6 2241.04 152690 154932 300
153.7 2241.04 152691 154932 300
153.8 2241.04 152691 154932 300
153.9 2241.04 152692 154933 300
154 2241.04 152692 154933 300
154.1 2241.04 152692 154933 300
154.2 2241.04 152690 154931 300
154.3 2241.04 152690 154931 300
154.4 2241.04 152692 154933 300
154.5 2241.04 152692 154933 300
154.6 2241.04 152691 154932 300
154.7 2241.04 152691 154932 300
154.8 2241.04 152691 154932 300
154.9 2241.04 152691 154932 300
155 2241.04 152691 154932 300
155.1 2241.04 152690 154931 300
155.2 2241.04 152691 154932 300
155.3 2241.04 152689 154930 300
155.4 2241.04 152691 154932 300
155.5 2241.04 152691 154932 300
155.6 2241.04 152691 154932 300
155.7 2241.04 152691 154933 300
155.8 2241.04 152691 154932 300
155.9 2241.04 152691 154932 300
156 2241.04 152691 154932 300
156.1 2241.04 152691 154932 300
156.2 2241.04 152691 154932 300
156.3 2241.04 152690 154931 300
156.4 2241.04 152690 154932 300
156.5 2241.04 152689 154930 300
156.6 2241.04 152689 154930 300
156.7 2241.04 152688 154929 300
156.8 2241.04 152689 154930 300
156.9 2241.04 152690 154931 300
157 2241.04 152689 154930 300
157.1 2241.04 152689 154930 300
157.2 2241.04 152691 154932 300
157.3 2241.04 152691 154932 300
157.4 2241.04 152691 154932 300
157.5 2241.04 152690 154931 300
157.6 2241.04 152690 154931 300
157.7 2241.04 152690 154931 300
157.8 2241.04 152689 154930 300
157.9 2241.04 152690 154931 300
158 2241.04 152690 154931 300
158.1 2241.04 152691 154932 300
158.2 2241.04 152691 154932 300
158.3 2241.04 152690 154931 300
158.4 2241.04 152690 154931 300
158.5 2241.04 152691 154932 300
158.6 2241.04 152691 154932 300
158.7 2241.04 152691 154932 300
158.8 2241.04 152691 154932 300
158.9 2241.04 152690 154931 300
159 2241.04 152691 154932 300
159.1 2241.04 152692 154933 300
159.2 2241.04 152692 154933 300
159.3 2241.04 152692 154933 300
159.4 2241.04 152692 154933 300
159.5 2241.04 152692 154933 300
159.6 2241.04 152693 154934 300
159.7 2241.04 152692 154933 300
159.8 2241.04 152692 154933 300
159.9 2241.04 152692 154933 300
160 2241.04 152692 154933 300
160.1 2241.04 152690 154931 300
160.2 2241.04 152690 154931 300
160.3 2241.04 152691 154932 300
160.4 2241.04 152690 154931 300
160.5 2241.04 152689 154931 300
160.6 2241.04 152690 154931 300
160.7 2241.04 152691 154932 300
160.8 2241.04 152690 154931 300
160.9 2241.04 152691 154932 300
161 2241.04 152690 154931 300
161.1 2241.04 152690 154931 300
161.2 2241.04 152691 154932 300
161.3 2241.04 152691 154932 300
161.4 2241.04 152690 154931 300
161.5 2241.04 152690 154931 300
161.6 2241.04 152692 154933 300
161.7 2241.04 152691 154932 300
161.8 2241.04 152690 154931 300
161.9 2241.04 152691 154932 300
162 2241.04 152691 154932 300
162.1 2241.04 152691 154932 300
162.2 2241.04 152690 154931 300
162.3 2241.04 152690 154931 300
162.4 2241.04 152690 154931 300
162.5 2241.04 152690 154931 300
162.6 2241.04 152691 154932 300
162.7 2241.04 152691 154932 300
162.8 2241.04 152690 154931 300
162.9 2241.04 152690 154931 300
163 2241.04 152690 154932 300
163.1 2241.04 152691 154932 300
163.2 2241.04 152691 154932 300
163.3 2241.04 152690 154931 300
163.4 2241.04 152689 154930 300
163.5 2241.04 152690 154931 300
163.6 2241.04 152691 154932 300
163.7 2241.04 152690 154931 300
163.8 2241.04 152689 154930 300
163.9 2241.04 152690 154931 300
164 2241.04 152690 154931 300
164.1 2241.04 152689 154930 300
164.2 2241.04 152691 154932 300
164.3 2241.04 152690 154931 300
164.4 2241.04 152691 154932 300
164.5 2241.04 152691 154932 300
164.6 2241.04 152690 154931 300
164.7 2241.04 152690 154931 300
164.8 2241.04 152693 154934 300
164.9 2241.04 152689 154930 300
165 2241.04 152689 154930 300
165.1 2241.04 152690 154931 300
165.2 2241.04 152689 154931 300
165.3 2241.04 152691 154932 300
165.4 2241.04 152691 154932 300
165.5 2241.04 152693 154934 300
165.6 2241.04 152689 154930 300
165.7 2241.04 152690 154931 300
165.8 2241.04 152691 154932 300
165.9 2241.04 152691 154932 300
166 2241.04 152691 154932 300
166.1 2241.04 152690 154931 300
166.2 2241.04 152690 154931 300
166.3 2241.04 152690 154931 300
166.4 2241.04 152690 154931 300
166.5 2241.04 152691 154932 300
166.6 2241.04 152690 154931 300
166.7 2241.04 152691 154932 300
166.8 2241.04 152691 154932 300
166.9 2241.04 152691 154932 300
167 2241.04 152690 154932 300
167.1 2241.04 152691 154932 300
167.2 2241.04 152690 154931 300
167.3 2241.04 152689 154930 300
167.4 2241.04 152689 154930 300
167.5 2241.04 152688 154929 300
167.6 2241.04 152689 154930 300
167.7 2241.04 152690 154931 300
167.8 2241.04 152690 154931 300
167.9 2241.04 152690 154931 300
168 2241.04 152691 154932 300
168.1 2241.04 152691 154932 300
168.2 2241.04 152691 154932 300
168.3 2241.04 152691 154932 300
168.4 2241.04 152690 154931 300
168.5 2241.04 152690 154931 300
168.6 2241.04 152691 154932 300
168.7 2241.04 152690 154931 300
168.8 2241.04 152693 154934 300
168.9 2241.04 152690 154931 300
169 2241.04 152688 154929 300
169.1 2241.04 152688 154929 300
169.2 2241.04 152689 154930 300
169.3 2241.04 152689 154930 300
169.4 2241.04 152689 154930 300
169.5 2241.04 152690 154931 300
169.6 2241.04 152689 154930 300
169.7 2241.04 152689 154930 300
169.8 2241.04 152690 154931 300
169.9 2241.04 152690 154931 300
170 2241.04 152689 154930 300
170.1 2241.04 152688 154929 300
170.2 2241.04 152689 154930 300
170.3 2241.04 152701 154942 300
170.4 2241.04 152689 154930 300
170.5 2241.04 152689 154930 300
170.6 2241.04 152690 154931 300
170.7 2241.04 152689 154930 300
170.8 2241.04 152690 154931 300
170.9 2241.04 152690 154931 300
171 2241.04 152690 154931 300
171.1 2241.04 152689 154930 300
171.2 2241.04 152689 154930 300
171.3 2241.04 152689 154930 300
171.4 2241.04 152689 154930 300
171.5 2241.04 152689 154930 300
171.6 2241.04 152690 154931 300
171.7 2241.04 152690 154931 300
171.8 2241.04 152690 154931 300
171.9 2241.04 152689 154930 300
172 2241.04 152689 154930 300
172.1 2241.04 152689 154930 300
172.2 2241.04 152690 154931 300
172.3 2241.04 152690 154931 300
172.4 2241.04 152689 154930 300
172.5 2241.04 152690 154931 300
172.6 2241.04 152691 154932 300
172.7 2241.04 152690 154932 300
172.8 2241.04 152690 154931 300
172.9 2241.04 152690 154932 300
173 2241.04 152690 154931 300
173.1 2241.04 152691 154932 300
173.2 2241.04 152691 154932 300
173.3 2241.04 152694 154935 300
173.4 2241.04 152689 154930 300
173.5 2241.04 152690 154931 300
173.6 2241.04 152690 154931 300
173.7 2241.04 152690 154931 300
173.8 2241.04 152690 154931 300
173.9 2241.04 152689 154930 300
174 2241.04 152689 154930 300
174.1 2241.04 152690 154931 300
174.2 2241.04 152691 154932 300
174.3 2241.04 152690 154931 300
174.4 2241.04 152689 154930 300
174.5 2241.04 152689 154930 300
174.6 2241.04 152690 154931 300
174.7 2241.04 152690 154931 300
174.8 2241.04 152690 154931 300
174.9 2241.04 152690 154931 300
175 2241.04 152690 154931 300
175.1 2241.04 152690 154931 300
175.2 2241.04 152690 154931 300
175.3 2241.04 152689 154931 300
175.4 2241.04 152690 154931 300
175.5 2241.04 152690 154931 300
175.6 2241.04 152689 154930 300
175.7 2241.04 152690 154931 300
175.8 2241.04 152690 154931 300
175.9 2241.04 152691 154932 300
176 2241.04 152690 154931 300
176.1 2241.04 152690 154931 300
176.2 2241.04 152690 154931 300
176.3 2241.04 152689 154930 300
176.4 2241.04 152689 154931 300
176.5 2241.04 152690 154931 300
176.6 2241.04 152689 154930 300
176.7 2241.04 152689 154930 300
176.8 2241.04 152689 154930 300
176.9 2241.04 152688 154929 300
177 2241.04 152688 154929 300
177.1 2241.04 152688 154929 300
177.2 2241.04 152691 154932 300
177.3 2241.04 152688 154929 300
177.4 2241.04 152688 154929 300
177.5 2241.04 152688 154929 300
177.6 2241.04 152689 154930 300
177.7 2241.04 152688 154929 300
177.8 2241.04 152688 154929 300
177.9 2241.04 152689 154930 300
178 2241.04 152689 154930 300
178.1 2241.04 152689 154930 300
178.2 2241.04 152689 154930 300
178.3 2241.04 152712 154953 300
178.4 2241.04 152689 154930 300
178.5 2241.04 152689 154930 300
178.6 2241.04 152689 154930 300
178.7 2241.04 152689 154930 300
178.8 2241.04 152689 154930 300
178.9 2241.04 152688 154929 300
179 2241.04 152687 154928 300
179.1 2241.04 152687 154928 300
179.2 2241.04 152688 154929 300
179.3 2241.04 152688 154929 300
179.4 2241.04 152688 154929 300
179.5 2241.04 152688 154929 300
179.6 2241.04 152688 154929 300
179.7 2241.04 152688 154929 300
179.8 2241.04 152688 154929 300
179.9 2241.04 152689 154930 300
180 2241.04 152687 154928 300
180.1 2241.04 152687 154928 300
180.2 2241.04 152687 154929 300
180.3 2241.04 152688 154930 300
180.4 2241.04 152688 154929 300
180.5 2241.04 152688 154929 300
180.6 2241.04 152687 154928 300
180.7 2241.04 152687 154928 300
180.8 2241.04 152688 154929 300
180.9 2241.04 152688 154929 300
181 2241.04 152688 154929 300
181.1 2241.04 152687 154928 300
181.2 2241.04 152688 154929 300
181.3 2241.04 152688 154929 300
181.4 2241.04 152688 154929 300
181.5 2241.04 152688 154929 300
181.6 2241.04 152688 154929 300
181.7 2241.04 152687 154928 300
181.8 2241.04 152689 154930 300
181.9 2241.04 152688 154929 300
182 2241.04 152688 154929 300
182.1 2241.04 152688 154929 300
182.2 2241.04 152688 154929 300
182.3 2241.04 152687 154929 300
182.4 2241.04 152687 154928 300
182.5 2241.04 152687 154928 300
182.6 2241.04 152686 154927 300
182.7 2241.04 152686 154927 300
182.8 2241.04 152685 154926 300
182.9 2241.04 152686 154927 300
183 2241.04 152686 154927 300
183.1 2241.04 152686 154927 300
183.2 2241.04 152687 154928 300
183.3 2241.04 152686 154927 300
183.4 2241.04 152687 154928 300
183.5 2241.04 152687 154928 300
183.6 2241.04 152687 154928 300
183.7 2241.04 152687 154928 300
183.8 2241.04 152686 154927 300
183.9 2241.04 152686 154927 300
184 2241.04 152687 154928 300
184.1 2241.04 152687 154928 300
184.2 2241.04 152687 154928 300
184.3 2241.04 152686 154927 300
184.4 2241.04 152686 154927 300
184.5 2241.04 152686 154927 300
184.6 2241.04 152686 154927 300
184.7 2241.04 152686 154927 300
184.8 2241.04 152686 154927 300
184.9 2241.04 152685 154926 300
185 2241.04 152685 154926 300
185.1 2241.04 152686 154927 300
185.2 2241.04 152686 154927 300
185.3 2241.04 152686 154927 300
185.4 2241.04 152686 154927 300
185.5 2241.04 152685 154926 300
185.6 2241.04 152685 154926 300
185.7 2241.04 152686 154927 300
185.8 2241.04 152685 154926 300
185.9 2241.04 152685 154926 300
186 2241.04 152685 154926 300
186.1 2241.04 152686 154927 300
186.2 2241.04 152685 154926 300
186.3 2241.04 152686 154927 300
186.4 2241.04 152686 154927 300
186.5 2241.04 152686 154927 300
186.6 2241.04 152686 154927 300
186.7 2241.04 152686 154927 300
186.8 2241.04 152686 154927 300
186.9 2241.04 152686 154927 300
187 2241.04 152686 154928 300
187.1 2241.04 152686 154927 300
187.2 2241.04 152685 154926 300
187.3 2241.04 152686 154927 300
187.4 2241.04 152685 154926 300
187.5 2241.04 152685 154926 300
187.6 2241.04 152685 154926 300
187.7 2241.04 152701 154942 300
187.8 2241.04 152684 154925 300
187.9 2241.04 152685 154926 300
188 2241.04 152685 154926 300
188.1 2241.04 152685 154926 300
188.2 2241.04 152684 154925 300
188.3 2241.04 152684 154925 300
188.4 2241.04 152684 154925 300
188.5 2241.04 152684 154925 300
188.6 2241.04 152685 154927 300
188.7 2241.04 152683 154925 300
188.8 2241.04 152684 154926 300
188.9 2241.04 152685 154926 300
189 2241.04 152685 154926 300
189.1 2241.04 152685 154926 300
189.2 2241.04 152686 154927 300
189.3 2241.04 152685 154926 300
189.4 2241.04 152685 154926 300
189.5 2241.04 152685 154926 300
189.6 2241.04 152685 154926 300
189.7 2241.04 152686 154927 300
189.8 2241.04 152686 154927 300
189.9 2241.04 152685 154926 300
190 2241.04 152685 154926 300
190.1 2241.04 152684 154925 300
190.2 2241.04 152685 154926 300
190.3 2241.04 152685 154926 300
190.4 2241.04 152685 154926 300
190.5 2241.04 152685 154926 300
190.6 2241.04 152684 154925 300
190.7 2241.04 152684 154925 300
190.8 2241.04 152685 154926 300
190.9 2241.04 152684 154925 300
191 2241.04 152684 154925 300
191.1 2241.04 152684 154925 300
191.2 2241.04 152685 154926 300
191.3 2241.04 152685 154926 300
191.4 2241.04 152689 154930 300
191.5 2241.04 152683 154924 300
191.6 2241.04 152684 154925 300
191.7 2241.04 152685 154926 300
191.8 2241.04 152685 154926 300
191.9 2241.04 152684 154925 300
192 2241.04 152684 154925 300
192.1 2241.04 152685 154926 300
192.2 2241.04 152684 154925 300
192.3 2241.04 152684 154925 300
192.4 2241.04 152683 154924 300
192.5 2241.04 152683 154924 300
192.6 2241.04 152683 154924 300
192.7 2241.04 152683 154924 300
192.8 2241.04 152683 154924 300
192.9 2241.04 152683 154924 300
193 2241.04 152682 154923 300
193.1 2241.04 152682 154923 300
193.2 2241.04 152682 154923 300
193.3 2241.04 152683 154924 300
193.4 2241.04 152683 154924 300
193.5 2241.04 152683 154924 300
193.6 2241.04 152683 154924 300
193.7 2241.04 152683 154924 300
193.8 2241.04 152683 154924 300
193.9 2241.04 152683 154924 300
194 2241.04 152681 154922 300
194.1 2241.04 152683 154924 300
194.2 2241.04 152683 154924 300
194.3 2241.04 152683 154924 300
194.4 2241.04 152683 154924 300
194.5 2241.04 152683 154924 300
194.6 2241.04 152682 154923 300
194.7 2241.04 152682 154923 300
194.8 2241.04 152683 154924 300
194.9 2241.04 152683 154924 300
195 2241.04 152683 154924 300
195.1 2241.04 152682 154923 300
195.2 2241.04 152681 154922 300
195.3 2241.04 152682 154923 300
195.4 2241.04 152682 154923 300
195.5 2241.04 152681 154922 300
195.6 2241.04 152681 154922 300
195.7 2241.04 152681 154922 300
195.8 2241.04 152680 154921 300
195.9 2241.04 152683 154924 300
196 2241.04 152680 154921 300
196.1 2241.04 152681 154922 300
196.2 2241.04 152680 154921 300
196.3 2241.04 152680 154921 300
196.4 2241.04 152681 154922 300
196.5 2241.04 152682 154923 300
196.6 2241.04 152682 154923 300
196.7 2241.04 152682 154923 300
196.8 2241.04 152682 154923 300
196.9 2241.04 152683 154924 300
197 2241.04 152683 154924 300
197.1 2241.04 152683 154924 300
197.2 2241.04 152682 154923 300
197.3 2241.04 152682 154923 300
197.4 2241.04 152682 154923 300
197.5 2241.04 152682 154923 300
197.6 2241.04 152682 154923 300
197.7 2241.04 152683 154924 300
197.8 2241.04 152683 154924 300
197.9 2241.04 152682 154923 300
198 2241.04 152682 154923 300
198.1 2241.04 152683 154924 300
198.2 2241.04 152682 154924 300
198.3 2241.04 152682 154923 300
198.4 2241.04 152681 154922 300
198.5 2241.04 152681 154922 300
198.6 2241.04 152682 154923 300
198.7 2241.04 152681 154922 300
198.8 2241.04 152681 154922 300
198.9 2241.04 152682 154923 300
199 2241.04 152682 154923 300
199.1 2241.04 152683 154924 300
199.2 2241.04 152682 154923 300
199.3 2241.04 152683 154924 300
199.4 2241.04 152683 154924 300
199.5 2241.04 152682 154923 300
199.6 2241.04 152683 154924 300
199.7 2241.04 152682 154923 300
199.8 2241.04 152683 154924 300
199.9 2241.04 152683 154924 300
200 2241.04 152683 154924 300
200.1 2241.04 152683 154924 300
200.2 2241.04 152683 154924 300
200.3 2241.04 152683 154924 300
200.4 2241.04 152683 154924 300
200.5 2241.04 152684 154925 300
200.6 2241.04 152683 154924 300
200.7 2241.04 152683 154924 300
200.8 2241.04 152683 154924 300
200.9 2241.04 152683 154924 300
201 2241.04 152683 154924 300
201.1 2241.04 152682 154923 300
201.2 2241.04 152682 154923 300
201.3 2241.04 152683 154924 300
201.4 2241.04 152683 154924 300
201.5 2241.04 152683 154925 300
201.6 2241.04 152683 154924 300
201.7 2241.04 152682 154924 300
201.8 2241.04 152683 154924 300
201.9 2241.04 152683 154924 300
202 2241.04 152683 154924 300
202.1 2241.04 152682 154923 300
202.2 2241.04 152682 154923 300
202.3 2241.04 152682 154923 300
202.4 2241.04 152683 154924 300
202.5 2241.04 152682 154924 300
202.6 2241.04 152682 154923 300
202.7 2241.04 152682 154923 300
202.8 2241.04 152683 154924 300
202.9 2241.04 152683 154924 300
203 2241.04 152684 154925 300
203.1 2241.04 152683 154924 300
203.2 2241.04 152684 154925 300
203.3 2241.04 152683 154924 300
203.4 2241.04 152683 154924 300
203.5 2241.04 152683 154924 300
203.6 2241.04 152683 154924 300
203.7 2241.04 152683 154924 300
203.8 2241.04 152683 154924 300
203.9 2241.04 152682 154923 300
204 2241.04 152681 154922 300
204.1 2241.04 152680 154921 300
204.2 2241.04 152682 154923 300
204.3 2241.04 152681 154922 300
204.4 2241.04 152680 154921 300
204.5 2241.04 152681 154922 300
204.6 2241.04 152682 154923 300
204.7 2241.04 152682 154923 300
204.8 2241.04 152681 154922 300
204.9 2241.04 152681 154922 300
205 2241.04 152681 154922 300
205.1 2241.04 152682 154923 300
205.2 2241.04 152681 154922 300
205.3 2241.04 152681 154922 300
205.4 2241.04 152681 154922 300
205.5 2241.04 152682 154923 300
205.6 2241.04 152681 154922 300
205.7 2241.04 152681 154922 300
205.8 2241.04 152687 154928 300
205.9 2241.04 152681 154922 300
206 2241.04 152681 154922 300
206.1 2241.04 152681 154922 300
206.2 2241.04 152681 154922 300
206.3 2241.04 152681 154922 300
206.4 2241.04 152681 154922 300
206.5 2241.04 152683 154924 300
206.6 2241.04 152681 154922 300
206.7 2241.04 152681 154922 300
206.8 2241.04 152682 154923 300
206.9 2241.04 152682 154923 300
207 2241.04 152682 154923 300
207.1 2241.04 152682 154923 300
207.2 2241.04 152681 154922 300
207.3 2241.04 152681 154922 300
207.4 2241.04 152681 154922 300
207.5 2241.04 152680 154921 300
207.6 2241.04 152681 154922 300
207.7 2241.04 152681 154922 300
207.8 2241.04 152681 154922 300
207.9 2241.04 152681 154922 300
208 2241.04 152682 154924 300
208.1 2241.04 152680 154921 300
208.2 2241.04 152681 154922 300
208.3 2241.04 152682 154923 300
208.4 2241.04 152682 154923 300
208.5 2241.04 152682 154923 300
208.6 2241.04 152682 154923 300
208.7 2241.04 152682 154923 300
208.8 2241.04 152682 154923 300
208.9 2241.04 152681 154923 300
209 2241.04 152681 154922 300
209.1 2241.04 152682 154923 300
209.2 2241.04 152681 154922 300
209.3 2241.04 152682 154923 300
209.4 2241.04 152682 154923 300
209.5 2241.04 152683 154924 300
209.6 2241.04 152683 154924 300
209.7 2241.04 152683 154924 300
209.8 2241.04 152683 154924 300
209.9 2241.04 152682 154923 300
210 2241.04 152682 154923 300
210.1 2241.04 152682 154924 300
210.2 2241.04 152683 154924 300
210.3 2241.04 152683 154924 300
210.4 2241.04 152682 154923 300
210.5 2241.04 152682 154923 300
210.6 2241.04 152683 154924 300
210.7 2241.04 152683 154924 300
210.8 2241.04 152682 154924 300
210.9 2241.04 152683 154924 300
211 2241.04 152683 154924 300
211.1 2241.04 152682 154923 300
211.2 2241.04 152682 154923 300
211.3 2241.04 152683 154924 300
211.4 2241.04 152682 154923 300
211.5 2241.04 152681 154922 300
211.6 2241.04 152683 154924 300
211.7 2241.04 152681 154922 300
211.8 2241.04 152680 154921 300
211.9 2241.04 152682 154923 300
212 2241.04 152679 154920 300
212.1 2241.04 152683 154924 300
212.2 2241.04 152680 154921 300
212.3 2241.04 152680 154922 300
212.4 2241.04 152681 154922 300
212.5 2241.04 152681 154922 300
212.6 2241.04 152680 154921 300
212.7 2241.04 152681 154922 300
212.8 2241.04 152681 154922 300
212.9 2241.04 152682 154923 300
213 2241.04 152681 154922 300
213.1 2241.04 152682 154923 300
213.2 2241.04 152681 154922 300
213.3 2241.04 152682 154923 300
213.4 2241.04 152682 154923 300
213.5 2241.04 152682 154923 300
213.6 2241.04 152682 154923 300
213.7 2241.04 152683 154924 300
213.8 2241.04 152682 154923 300
213.9 2241.04 152682 154923 300
214 2241.04 152682 154923 300
214.1 2241.04 152682 154923 300
214.2 2241.04 152682 154923 300
214.3 2241.04 152682 154923 300
214.4 2241.04 152681 154922 300
214.5 2241.04 152681 154922 300
214.6 2241.04 152682 154923 300
214.7 2241.04 152682 154923 300
214.8 2241.04 152681 154922 300
214.9 2241.04 152680 154921 300
215 2241.04 152681 154922 300
215.1 2241.04 152681 154922 300
215.2 2241.04 152680 154921 300
215.3 2241.04 152681 154922 300
215.4 2241.04 152681 154922 300
215.5 2241.04 152680 154921 300
215.6 2241.04 152682 154923 300
215.7 2241.04 152681 154922 300
215.8 2241.04 152681 154922 300
215.9 2241.04 152682 154923 300
216 2241.04 152682 154923 300
216.1 2241.04 152681 154922 300
216.2 2241.04 152681 154922 300
216.3 2241.04 152681 154922 300
216.4 2241.04 152681 154922 300
216.5 2241.04 152681 154922 300
216.6 2241.04 152681 154922 300
216.7 2241.04 152681 154922 300
216.8 2241.04 152681 154922 300
216.9 2241.04 152682 154923 300
217 2241.04 152682 154923 300
217.1 2241.04 152681 154922 300
217.2 2241.04 152681 154922 300
217.3 2241.04 152681 154922 300
217.4 2241.04 152681 154922 300
217.5 2241.04 152681 154922 300
217.6 2241.04 152681 154922 300
217.7 2241.04 152683 154924 300
217.8 2241.04 152681 154922 300
217.9 2241.04 152681 154922 300
218 2241.04 152681 154922 300
218.1 2241.04 152681 154922 300
218.2 2241.04 152682 154923 300
218.3 2241.04 152681 154922 300
218.4 2241.04 152680 154921 300
218.5 2241.04 152681 154922 300
218.6 2241.04 152682 154923 300
218.7 2241.04 152681 154922 300
218.8 2241.04 152682 154923 300
218.9 2241.04 152682 154923 300
219 2241.04 152682 154923 300
219.1 2241.04 152683 154924 300
219.2 2241.04 152683 154924 300
219.3 2241.04 152682 154923 300
219.4 2241.04 152682 154923 300
219.5 2241.04 152681 154922 300
219.6 2241.04 152681 154923 300
219.7 2241.04 152681 154922 300
219.8 2241.04 152681 154922 300
219.9 2241.04 152680 154922 300
220 2241.04 152679 154920 300
220.1 2241.04 152679 154920 300
220.2 2241.04 152679 154920 300
220.3 2241.04 152678 154919 300
220.4 2241.04 152678 154919 300
220.5 2241.04 152678 154920 300
220.6 2241.04 152678 154920 300
220.7 2241.04 152679 154920 300
220.8 2241.04 152680 154921 300
220.9 2241.04 152680 154921 300
221 2241.04 152680 154922 300
221.1 2241.04 152681 154922 300
221.2 2241.04 152681 154922 300
221.3 2241.04 152680 154921 300
221.4 2241.04 152681 154922 300
221.5 2241.04 152680 154921 300
221.6 2241.04 152680 154921 300
221.7 2241.04 152681 154922 300
221.8 2241.04 152681 154922 300
221.9 2241.04 152681 154922 300
222 2241.04 152681 154922 300
222.1 2241.04 152681 154922 300
222.2 2241.04 152681 154922 300
222.3 2241.04 152681 154922 300
222.4 2241.04 152681 154922 300
222.5 2241.04 152681 154922 300
222.6 2241.04 152681 154922 300
222.7 2241.04 152681 154922 300
222.8 2241.04 152681 154922 300
222.9 2241.04 152680 154921 300
223 2241.04 152680 154921 300
223.1 2241.04 152681 154922 300
223.2 2241.04 152680 154921 300
223.3 2241.04 152680 154921 300
223.4 2241.04 152680 154921 300
223.5 2241.04 152680 154921 300
223.6 2241.04 152682 154923 300
223.7 2241.04 152680 154921 300
223.8 2241.04 152680 154921 300
223.9 2241.04 152681 154922 300
224 2241.04 152679 154920 300
224.1 2241.04 152679 154920 300
224.2 2241.04 152678 154919 300
224.3 2241.04 152679 154920 300
224.4 2241.04 152678 154919 300
224.5 2241.04 152678 154919 300
224.6 2241.04 152677 154918 300
224.7 2241.04 152677 154918 300
224.8 2241.04 152677 154918 300
224.9 2241.04 152683 154924 300
225 2241.04 152677 154918 300
225.1 2241.04 152677 154918 300
225.2 2241.04 152678 154919 300
225.3 2241.04 152679 154920 300
225.4 2241.04 152679 154920 300
225.5 2241.04 152679 154920 300
225.6 2241.04 152678 154919 300
225.7 2241.04 152678 154919 300
225.8 2241.04 152678 154919 300
225.9 2241.04 152678 154919 300
226 2241.04 152678 154919 300
226.1 2241.04 152675 154916 300
226.2 2241.04 152679 154920 300
226.3 2241.04 152675 154916 300
226.4 2241.04 152675 154916 300
226.5 2241.04 152675 154916 300
226.6 2241.04 152676 154917 300
226.7 2241.04 152677 154918 300
226.8 2241.04 152675 154916 300
226.9 2241.04 152676 154917 300
227 2241.04 152677 154918 300
227.1 2241.04 152677 154918 300
227.2 2241.04 152678 154919 300
227.3 2241.04 152678 154919 300
227.4 2241.04 152678 154919 300
227.5 2241.04 152678 154919 300
227.6 2241.04 152679 154920 300
227.7 2241.04 152678 154919 300
227.8 2241.04 152678 154919 300
227.9 2241.04 152677 154919 300
228 2241.04 152677 154919 300
228.1 2241.04 152677 154918 300
228.2 2241.04 152678 154919 300
228.3 2241.04 152677 154918 300
228.4 2241.04 152676 154917 300
228.5 2241.04 152675 154916 300
228.6 2241.04 152679 154920 300
228.7 2241.04 152674 154915 300
228.8 2241.04 152677 154918 300
228.9 2241.04 152675 154916 300
229 2241.04 152676 154917 300
229.1 2241.04 152676 154917 300
229.2 2241.04 152676 154918 300
229.3 2241.04 152676 154917 300
229.4 2241.04 152676 154917 300
229.5 2241.04 152676 154917 300
229.6 2241.04 152676 154917 300
229.7 2241.04 152676 154917 300
229.8 2241.04 152676 154917 300
229.9 2241.04 152676 154917 300
230 2241.04 152676 154917 300
230.1 2241.04 152676 154917 300
230.2 2241.04 152676 154917 300
230.3 2241.04 152676 154917 300
230.4 2241.04 152676 154917 300
230.5 2241.04 152676 154917 300
230.6 2241.04 152676 154917 300
230.7 2241.04 152675 154916 300
230.8 2241.04 152676 154917 300
230.9 2241.04 152676 154917 300
231 2241.04 152675 154916 300
231.1 2241.04 152675 154916 300
231.2 2241.04 152676 154917 300
231.3 2241.04 152675 154916 300
231.4 2241.04 152675 154916 300
231.5 2241.04 152676 154917 300
231.6 2241.04 152676 154917 300
231.7 2241.04 152676 154917 300
231.8 2241.04 152676 154917 300
231.9 2241.04 152676 154917 300
232 2241.04 152676 154917 300
232.1 2241.04 152675 154916 300
232.2 2241.04 152675 154916 300
232.3 2241.04 152675 154916 300
232.4 2241.04 152675 154916 300
232.5 2241.04 152674 154915 300
232.6 2241.04 152674 154915 300
232.7 2241.04 152675 154916 300
232.8 2241.04 152675 154916 300
232.9 2241.04 152675 154916 300
233 2241.04 152675 154916 300
233.1 2241.04 152675 154916 300
233.2 2241.04 152676 154917 300
233.3 2241.04 152676 154917 300
233.4 2241.04 152676 154917 300
233.5 2241.04 152675 154916 300
233.6 2241.04 152676 154917 300
233.7 2241.04 152675 154916 300
233.8 2241.04 152676 154917 300
233.9 2241.04 152675 154916 300
234 2241.04 152675 154916 300
234.1 2241.04 152675 154916 300
234.2 2241.04 152675 154916 300
234.3 2241.04 152675 154916 300
234.4 2241.04 152675 154916 300
234.5 2241.04 152675 154916 300
234.6 2241.04 152675 154916 300
234.7 2241.04 152675 154916 300
234.8 2241.04 152675 154916 300
234.9 2241.04 152675 154916 300
235 2241.04 152674 154915 300
235.1 2241.04 152675 154916 300
235.2 2241.04 152674 154915 300
235.3 2241.04 152674 154915 300
235.4 2241.04 152674 154915 300
235.5 2241.04 152673 154914 300
235.6 2241.04 152673 154914 300
235.7 2241.04 152673 154914 300
235.8 2241.04 152674 154915 300
235.9 2241.04 152675 154916 300
236 2241.04 152674 154915 300
236.1 2241.04 152675 154916 300
236.2 2241.04 152675 154916 300
236.3 2241.04 152675 154916 300
236.4 2241.04 152675 154916 300
236.5 2241.04 152675 154916 300
236.6 2241.04 152675 154916 300
236.7 2241.04 152675 154916 300
236.8 2241.04 152675 154916 300
236.9 2241.04 152674 154915 300
237 2241.04 152675 154916 300
237.1 2241.04 152674 154915 300
237.2 2241.04 152675 154916 300
237.3 2241.04 152674 154915 300
237.4 2241.04 152674 154915 300
237.5 2241.04 152674 154915 300
237.6 2241.04 152675 154916 300
237.7 2241.04 152674 154915 300
237.8 2241.04 152674 154915 300
237.9 2241.04 152673 154914 300
238 2241.04 152674 154915 300
238.1 2241.04 152674 154915 300
238.2 2241.04 152675 154916 300
238.3 2241.04 152675 154916 300
238.4 2241.04 152676 154917 300
238.5 2241.04 152675 154916 300
238.6 2241.04 152675 154916 300
238.7 2241.04 152675 154916 300
238.8 2241.04 152676 154917 300
238.9 2241.04 152675 154916 300
239 2241.04 152675 154916 300
239.1 2241.04 152675 154916 300
239.2 2241.04 152675 154916 300
239.3 2241.04 152676 154917 300
239.4 2241.04 152676 154917 300
239.5 2241.04 152675 154917 300
239.6 2241.04 152675 154917 300
239.7 2241.04 152676 154917 300
239.8 2241.04 152675 154917 300
239.9 2241.04 152676 154917 300
240 2241.04 152676 154917 300
240.1 2241.04 152676 154917 300
240.2 2241.04 152676 154917 300
240.3 2241.04 152676 154917 300
240.4 2241.04 152676 154917 300
240.5 2241.04 152676 154917 300
240.6 2241.04 152676 154917 300
240.7 2241.04 152676 154917 300
240.8 2241.04 152677 154918 300
240.9 2241.04 152677 154918 300
241 2241.04 152677 154918 300
241.1 2241.04 152676 154917 300
241.2 2241.04 152677 154919 300
241.3 2241.04 152676 154917 300
241.4 2241.04 152675 154916 300
241.5 2241.04 152675 154916 300
241.6 2241.04 152676 154917 300
241.7 2241.04 152674 154915 300
241.8 2241.04 152675 154916 300
241.9 2241.04 152674 154915 300
242 2241.04 152676 154917 300
242.1 2241.04 152675 154916 300
242.2 2241.04 152676 154917 300
242.3 2241.04 152675 154916 300
242.4 2241.04 152675 154916 300
242.5 2241.04 152676 154917 300
242.6 2241.04 152675 154916 300
242.7 2241.04 152676 154917 300
242.8 2241.04 152676 154917 300
242.9 2241.04 152676 154917 300
243 2241.04 152676 154917 300
243.1 2241.04 152676 154917 300
243.2 2241.04 152676 154917 300
243.3 2241.04 152676 154917 300
243.4 2241.04 152676 154917 300
243.5 2241.04 152676 154917 300
243.6 2241.04 152676 154917 300
243.7 2241.04 152676 154917 300
243.8 2241.04 152676 154917 300
243.9 2241.04 152675 154916 300
244 2241.04 152676 154917 300
244.1 2241.04 152676 154917 300
244.2 2241.04 152676 154917 300
244.3 2241.04 152676 154917 300
244.4 2241.04 152676 154917 300
244.5 2241.04 152676 154917 300
244.6 2241.04 152675 154916 300
244.7 2241.04 152675 154916 300
244.8 2241.04 152676 154917 300
244.9 2241.04 152675 154916 300
245 2241.04 152675 154916 300
245.1 2241.04 152674 154915 300
245.2 2241.04 152675 154916 300
245.3 2241.04 152674 154916 300
245.4 2241.04 152676 154917 300
245.5 2241.04 152675 154916 300
245.6 2241.04 152675 154916 300
245.7 2241.04 152675 154916 300
245.8 2241.04 152675 154916 300
245.9 2241.04 152676 154917 300
246 2241.04 152675 154916 300
246.1 2241.04 152676 154917 300
246.2 2241.04 152676 154917 300
246.3 2241.04 152675 154916 300
246.4 2241.04 152675 154916 300
246.5 2241.04 152675 154916 300
246.6 2241.04 152675 154916 300
246.7 2241.04 152675 154916 300
246.8 2241.04 152678 154919 300
246.9 2241.04 152674 154915 300
247 2241.04 152674 154915 300
247.1 2241.04 152674 154915 300
247.2 2241.04 152674 154915 300
247.3 2241.04 152676 154917 300
247.4 2241.04 152673 154915 300
247.5 2241.04 152673 154914 300
247.6 2241.04 152675 154916 300
247.7 2241.04 152676 154917 300
247.8 2241.04 152676 154917 300
247.9 2241.04 152675 154916 300
248 2241.04 152675 154916 300
248.1 2241.04 152675 154916 300
248.2 2241.04 152676 154917 300
248.3 2241.04 152676 154917 300
248.4 2241.04 152676 154917 300
248.5 2241.04 152675 154916 300
248.6 2241.04 152675 154916 300
248.7 2241.04 152675 154916 300
248.8 2241.04 152675 154917 300
248.9 2241.04 152675 154916 300
249 2241.04 152675 154916 300
249.1 2241.04 152674 154915 300
249.2 2241.04 152675 154916 300
249.3 2241.04 152675 154916 300
249.4 2241.04 152675 154916 300
249.5 2241.04 152674 154915 300
249.6 2241.04 152674 154915 300
249.7 2241.04 152674 154915 300
249.8 2241.04 152673 154914 300
249.9 2241.04 152675 154916 300
250 2241.04 152674 154916 300
250.1 2241.04 152682 154923 300
250.2 2241.04 152674 154915 300
250.3 2241.04 152675 154916 300
250.4 2241.04 152675 154916 300
250.5 2241.04 152675 154916 300
250.6 2241.04 152674 154915 300
250.7 2241.04 152676 154917 300
250.8 2241.04 152674 154915 300
250.9 2241.04 152675 154916 300
251 2241.04 152675 154916 300
251.1 2241.04 152675 154916 300
251.2 2241.04 152675 154916 300
251.3 2241.04 152675 154916 300
251.4 2241.04 152675 154916 300
251.5 2241.04 152675 154916 300
251.6 2241.04 152675 154916 300
251.7 2241.04 152674 154915 300
251.8 2241.04 152675 154916 300
251.9 2241.04 152674 154915 300
252 2241.04 152675 154916 300
252.1 2241.04 152675 154916 300
252.2 2241.04 152675 154916 300
252.3 2241.04 152675 154916 300
252.4 2241.04 152675 154916 300
252.5 2241.04 152675 154916 300
252.6 2241.04 152675 154916 300
252.7 2241.04 152675 154916 300
252.8 2241.04 152675 154916 300
252.9 2241.04 152675 154916 300
253 2241.04 152675 154916 300
253.1 2241.04 152675 154916 300
253.2 2241.04 152675 154916 300
253.3 2241.04 152674 154915 300
253.4 2241.04 152674 154915 300
253.5 2241.04 152674 154915 300
253.6 2241.04 152674 154915 300
253.7 2241.04 152674 154915 300
253.8 2241.04 152673 154915 300
253.9 2241.04 152673 154914 300
254 2241.04 152673 154915 300
254.1 2241.04 152674 154915 300
254.2 2241.04 152675 154916 300
254.3 2241.04 152674 154915 300
254.4 2241.04 152681 154922 300
254.5 2241.04 152674 154915 300
254.6 2241.04 152674 154915 300
254.7 2241.04 152675 154916 300
254.8 2241.04 152675 154916 300
254.9 2241.04 152675 154916 300
255 2241.04 152674 154915 300
255.1 2241.04 152675 154916 300
255.2 2241.04 152675 154916 300
255.3 2241.04 152675 154916 300
255.4 2241.04 152675 154916 300
255.5 2241.04 152674 154915 300
255.6 2241.04 152674 154915 300
255.7 2241.04 152675 154916 300
255.8 2241.04 152675 154916 300
255.9 2241.04 152675 154916 300
256 2241.04 152675 154916 300
256.1 2241.04 152674 154915 300
256.2 2241.04 152675 154916 300
256.3 2241.04 152674 154915 300
256.4 2241.04 152675 154916 300
256.5 2241.04 152675 154916 300
256.6 2241.04 152675 154916 300
256.7 2241.04 152675 154916 300
256.8 2241.04 152674 154915 300
256.9 2241.04 152677 154918 300
257 2241.04 152675 154916 300
257.1 2241.04 152675 154916 300
257.2 2241.04 152675 154916 300
257.3 2241.04 152675 154916 300
257.4 2241.04 152675 154916 300
257.5 2241.04 152676 154917 300
257.6 2241.04 152675 154917 300
257.7 2241.04 152675 154916 300
257.8 2241.04 152675 154916 300
257.9 2241.04 152675 154916 300
258 2241.04 152676 154917 300
258.1 2241.04 152675 154916 300
258.2 2241.04 152675 154916 300
258.3 2241.04 152675 154916 300
258.4 2241.04 152675 154916 300
258.5 2241.04 152676 154917 300
258.6 2241.04 152675 154916 300
258.7 2241.04 152675 154916 300
258.8 2241.04 152675 154916 300
258.9 2241.04 152676 154917 300
259 2241.04 152676 154917 300
259.1 2241.04 152675 154916 300
259.2 2241.04 152675 154917 300
259.3 2241.04 152675 154916 300
259.4 2241.04 152675 154916 300
259.5 2241.04 152675 154916 300
259.6 2241.04 152675 154916 300
259.7 2241.04 152675 154916 300
259.8 2241.04 152676 154917 300
259.9 2241.04 152676 154917 300
260 2241.04 152676 154917 300
260.1 2241.04 152675 154916 300
260.2 2241.04 152676 154917 300
260.3 2241.04 152675 154916 300
260.4 2241.04 152675 154916 300
260.5 2241.04 152675 154916 300
260.6 2241.04 152675 154916 300
260.7 2241.04 152675 154916 300
260.8 2241.04 152676 154917 300
260.9 2241.04 152675 154916 300
261 2241.04 152675 154917 300
261.1 2241.04 152676 154917 300
261.2 2241.04 152676 154917 300
261.3 2241.04 152675 154916 300
261.4 2241.04 152674 154915 300
261.5 2241.04 152674 154915 300
261.6 2241.04 152680 154921 300
261.7 2241.04 152674 154915 300
261.8 2241.04 152674 154915 300
261.9 2241.04 152674 154915 300
262 2241.04 152674 154915 300
262.1 2241.04 152674 154915 300
262.2 2241.04 152674 154915 300
262.3 2241.04 152675 154916 300
262.4 2241.04 152675 154916 300
262.5 2241.04 152676 154917 300
262.6 2241.04 152675 154916 300
262.7 2241.04 152675 154916 300
262.8 2241.04 152675 154916 300
262.9 2241.04 152675 154916 300
263 2241.04 152674 154916 300
263.1 2241.04 152674 154915 300
263.2 2241.04 152684 154925 300
263.3 2241.04 152674 154915 300
263.4 2241.04 152674 154915 300
263.5 2241.04 152675 154916 300
263.6 2241.04 152675 154916 300
263.7 2241.04 152675 154916 300
263.8 2241.04 152675 154916 300
263.9 2241.04 152675 154916 300
264 2241.04 152675 154916 300
264.1 2241.04 152675 154916 300
264.2 2241.04 152674 154915 300
264.3 2241.04 152674 154915 300
264.4 2241.04 152674 154915 300
264.5 2241.04 152674 154915 300
264.6 2241.04 152674 154915 300
264.7 2241.04 152674 154915 300
264.8 2241.04 152673 154914 300
264.9 2241.04 152674 154915 300
265 2241.04 152674 154915 300
265.1 2241.04 152674 154915 300
265.2 2241.04 152674 154915 300
265.3 2241.04 152674 154915 300
265.4 2241.04 152674 154915 300
265.5 2241.04 152674 154915 300
265.6 2241.04 152674 154915 300
265.7 2241.04 152673 154914 300
265.8 2241.04 152674 154915 300
265.9 2241.04 152674 154915 300
266 2241.04 152674 154916 300
266.1 2241.04 152675 154916 300
266.2 2241.04 152674 154915 300
266.3 2241.04 152674 154915 300
266.4 2241.04 152674 154915 300
266.5 2241.04 152674 154915 300
266.6 2241.04 152675 154916 300
266.7 2241.04 152674 154915 300
266.8 2241.04 152674 154915 300
266.9 2241.04 152674 154915 300
267 2241.04 152674 154915 300
267.1 2241.04 152674 154915 300
267.2 2241.04 152674 154915 300
267.3 2241.04 152674 154915 300
267.4 2241.04 152674 154915 300
267.5 2241.04 152674 154915 300
267.6 2241.04 152674 154915 300
267.7 2241.04 152674 154915 300
267.8 2241.04 152674 154915 300
267.9 2241.04 152674 154915 300
268 2241.04 152674 154915 300
268.1 2241.04 152674 154915 300
268.2 2241.04 152674 154915 300
268.3 2241.04 152674 154915 300
268.4 2241.04 152674 154915 300
268.5 2241.04 152673 154914 300
268.6 2241.04 152677 154918 300
268.7 2241.04 152674 154915 300
268.8 2241.04 152674 154915 300
268.9 2241.04 152674 154915 300
269 2241.04 152674 154915 300
269.1 2241.04 152674 154915 300
269.2 2241.04 152674 154915 300
269.3 2241.04 152674 154915 300
269.4 2241.04 152674 154915 300
269.5 2241.04 152674 154915 300
269.6 2241.04 152674 154915 300
269.7 2241.04 152673 154915 300
269.8 2241.04 152673 154914 300
269.9 2241.04 152673 154914 300
270 2241.04 152673 154914 300
270.1 2241.04 152673 154914 300
270.2 2241.04 152673 154914 300
270.3 2241.04 152672 154913 300
270.4 2241.04 152672 154913 300
270.5 2241.04 152673 154914 300
270.6 2241.04 152673 154914 300
270.7 2241.04 152673 154914 300
270.8 2241.04 152673 154914 300
270.9 2241.04 152673 154914 300
271 2241.04 152673 154914 300
271.1 2241.04 152673 154914 300
271.2 2241.04 152673 154914 300
271.3 2241.04 152672 154913 300
271.4 2241.04 152675 154916 300
271.5 2241.04 152672 154913 300
271.6 2241.04 152673 154914 300
271.7 2241.04 152675 154916 300
271.8 2241.04 152673 154914 300
271.9 2241.04 152673 154914 300
272 2241.04 152674 154915 300
272.1 2241.04 152674 154915 300
272.2 2241.04 152674 154915 300
272.3 2241.04 152676 154917 300
272.4 2241.04 152673 154914 300
272.5 2241.04 152674 154915 300
272.6 2241.04 152673 154914 300
272.7 2241.04 152673 154914 300
272.8 2241.04 152674 154915 300
272.9 2241.04 152673 154914 300
273 2241.04 152673 154914 300
273.1 2241.04 152674 154915 300
273.2 2241.04 152674 154915 300
273.3 2241.04 152674 154915 300
273.4 2241.04 152674 154915 300
273.5 2241.04 152674 154915 300
273.6 2241.04 152674 154915 300
273.7 2241.04 152674 154915 300
273.8 2241.04 152674 154915 300
273.9 2241.04 152674 154915 300
274 2241.04 152674 154915 300
274.1 2241.04 152674 154915 300
274.2 2241.04 152674 154915 300
274.3 2241.04 152674 154915 300
274.4 2241.04 152674 154915 300
274.5 2241.04 152674 154915 300
274.6 2241.04 152674 154915 300
274.7 2241.04 152676 154917 300
274.8 2241.04 152674 154915 300
274.9 2241.04 152674 154915 300
275 2241.04 152674 154915 300
275.1 2241.04 152674 154915 300
275.2 2241.04 152696 154937 300
275.3 2241.04 152674 154916 300
275.4 2241.04 152674 154915 300
275.5 2241.04 152674 154915 300
275.6 2241.04 152678 154919 300
275.7 2241.04 152674 154915 300
275.8 2241.04 152674 154915 300
275.9 2241.04 152675 154916 300
276 2241.04 152675 154916 300
276.1 2241.04 152675 154916 300
276.2 2241.04 152674 154915 300
276.3 2241.04 152673 154915 300
276.4 2241.04 152673 154914 300
276.5 2241.04 152674 154915 300
276.6 2241.04 152673 154915 300
276.7 2241.04 152672 154913 300
276.8 2241.04 152674 154915 300
276.9 2241.04 152673 154914 300
277 2241.04 152673 154914 300
277.1 2241.04 152672 154913 300
277.2 2241.04 152673 154914 300
277.3 2241.04 152674 154915 300
277.4 2241.04 152674 154915 300
277.5 2241.04 152674 154915 300
277.6 2241.04 152678 154919 300
277.7 2241.04 152673 154914 300
277.8 2241.04 152673 154914 300
277.9 2241.04 152673 154914 300
278 2241.04 152676 154917 300
278.1 2241.04 152673 154914 300
278.2 2241.04 152673 154914 300
278.3 2241.04 152673 154914 300
278.4 2241.04 152673 154914 300
278.5 2241.04 152673 154914 300
278.6 2241.04 152673 154914 300
278.7 2241.04 152673 154914 300
278.8 2241.04 152673 154914 300
278.9 2241.04 152673 154914 300
279 2241.04 152672 154913 300
279.1 2241.04 152673 154914 300
279.2 2241.04 152674 154915 300
279.3 2241.04 152674 154915 300
279.4 2241.04 152674 154915 300
279.5 2241.04 152674 154915 300
279.6 2241.04 152673 154915 300
279.7 2241.04 152675 154916 300
279.8 2241.04 152673 154914 300
279.9 2241.04 152673 154914 300
280 2241.04 152673 154914 300
280.1 2241.04 152681 154922 300
280.2 2241.04 152674 154915 300
280.3 2241.04 152673 154914 300
280.4 2241.04 152673 154914 300
280.5 2241.04 152674 154915 300
280.6 2241.04 152674 154915 300
280.7 2241.04 152673 154915 300
280.8 2241.04 152673 154914 300
280.9 2241.04 152673 154914 300
281 2241.04 152673 154914 300
281.1 2241.04 152673 154914 300
281.2 2241.04 152673 154914 300
281.3 2241.04 152673 154914 300
281.4 2241.04 152673 154914 300
281.5 2241.04 152673 154914 300
281.6 2241.04 152673 154914 300
281.7 2241.04 152672 154913 300
281.8 2241.04 152671 154912 300
281.9 2241.04 152671 154912 300
282 2241.04 152673 154914 300
282.1 2241.04 152672 154913 300
282.2 2241.04 152672 154913 300
282.3 2241.04 152679 154920 300
282.4 2241.04 152672 154913 300
282.5 2241.04 152672 154913 300
282.6 2241.04 152672 154913 300
282.7 2241.04 152672 154913 300
282.8 2241.04 152672 154913 300
282.9 2241.04 152671 154913 300
283 2241.04 152671 154912 300
283.1 2241.04 152671 154912 300
283.2 2241.04 152671 154912 300
283.3 2241.04 152671 154912 300
283.4 2241.04 152673 154914 300
283.5 2241.04 152672 154913 300
283.6 2241.04 152672 154914 300
283.7 2241.04 152672 154913 300
283.8 2241.04 152672 154913 300
283.9 2241.04 152672 154913 300
284 2241.04 152671 154912 300
284.1 2241.04 152673 154914 300
284.2 2241.04 152675 154916 300
284.3 2241.04 152672 154913 300
284.4 2241.04 152673 154914 300
284.5 2241.04 152673 154914 300
284.6 2241.04 152674 154915 300
284.7 2241.04 152673 154914 300
284.8 2241.04 152673 154914 300
284.9 2241.04 152707 154948 300
285 2241.04 152672 154913 300
285.1 2241.04 152671 154912 300
285.2 2241.04 152672 154913 300
285.3 2241.04 152671 154912 300
285.4 2241.04 152670 154911 300
285.5 2241.04 152670 154911 300
285.6 2241.04 152669 154910 300
285.7 2241.04 152670 154911 300
285.8 2241.04 152669 154910 300
285.9 2241.04 152670 154911 300
286 2241.04 152670 154911 300
286.1 2241.04 152671 154912 300
286.2 2241.04 152672 154913 300
286.3 2241.04 152672 154913 300
286.4 2241.04 152671 154912 300
286.5 2241.04 152671 154912 300
286.6 2241.04 152671 154912 300
286.7 2241.04 152672 154913 300
286.8 2241.04 152671 154912 300
286.9 2241.04 152671 154912 300
287 2241.04 152671 154912 300
287.1 2241.04 152671 154912 300
287.2 2241.04 152672 154913 300
287.3 2241.04 152676 154917 300
287.4 2241.04 152670 154911 300
287.5 2241.04 152671 154912 300
287.6 2241.04 152671 154912 300
287.7 2241.04 152671 154912 300
287.8 2241.04 152671 154912 300
287.9 2241.04 152671 154912 300
288 2241.04 152671 154912 300
288.1 2241.04 152671 154912 300
288.2 2241.04 152671 154912 300
288.3 2241.04 152670 154911 300
288.4 2241.04 152670 154911 300
288.5 2241.04 152670 154911 300
288.6 2241.04 152671 154912 300
288.7 2241.04 152672 154913 300
288.8 2241.04 152672 154913 300
288.9 2241.04 152672 154913 300
289 2241.04 152671 154912 300
289.1 2241.04 152672 154913 300
289.2 2241.04 152672 154913 300
289.3 2241.04 152671 154912 300
289.4 2241.04 152671 154912 300
289.5 2241.04 152671 154912 300
289.6 2241.04 152670 154912 300
289.7 2241.04 152676 154917 300
289.8 2241.04 152670 154911 300
289.9 2241.04 152670 154911 300
290 2241.04 152671 154912 300
290.1 2241.04 152671 154912 300
290.2 2241.04 152671 154912 300
290.3 2241.04 152671 154912 300
290.4 2241.04 152671 154912 300
290.5 2241.04 152672 154913 300
290.6 2241.04 152671 154912 300
290.7 2241.04 152671 154912 300
290.8 2241.04 152671 154912 300
290.9 2241.04 152672 154913 300
291 2241.04 152697 154938 300
291.1 2241.04 152671 154912 300
291.2 2241.04 152671 154912 300
291.3 2241.04 152671 154912 300
291.4 2241.04 152671 154912 300
291.5 2241.04 152671 154912 300
291.6 2241.04 152671 154912 300
291.7 2241.04 152671 154912 300
291.8 2241.04 152671 154912 300
291.9 2241.04 152670 154912 300
292 2241.04 152670 154911 300
292.1 2241.04 152670 154911 300
292.2 2241.04 152669 154910 300
292.3 2241.04 152669 154911 300
292.4 2241.04 152669 154910 300
292.5 2241.04 152669 154910 300
292.6 2241.04 152670 154911 300
292.7 2241.04 152670 154911 300
292.8 2241.04 152669 154910 300
292.9 2241.04 152671 154912 300
293 2241.04 152670 154911 300
293.1 2241.04 152670 154911 300
293.2 2241.04 152670 154911 300
293.3 2241.04 152670 154911 300
293.4 2241.04 152671 154912 300
293.5 2241.04 152669 154910 300
293.6 2241.04 152669 154911 300
293.7 2241.04 152688 154929 300
293.8 2241.04 152670 154911 300
293.9 2241.04 152672 154913 300
294 2241.04 152670 154911 300
294.1 2241.04 152670 154911 300
294.2 2241.04 152670 154911 300
294.3 2241.04 152670 154911 300
294.4 2241.04 152671 154912 300
294.5 2241.04 152671 154912 300
294.6 2241.04 152671 154912 300
294.7 2241.04 152670 154911 300
294.8 2241.04 152671 154912 300
294.9 2241.04 152671 154912 300
295 2241.04 152671 154912 300
295.1 2241.04 152670 154911 300
295.2 2241.04 152669 154910 300
295.3 2241.04 152669 154910 300
295.4 2241.04 152669 154910 300
295.5 2241.04 152670 154911 300
295.6 2241.04 152670 154911 300
295.7 2241.04 152669 154911 300
295.8 2241.04 152670 154911 300
295.9 2241.04 152669 154910 300
296 2241.04 152669 154910 300
296.1 2241.04 152668 154910 300
296.2 2241.04 152673 154914 300
296.3 2241.04 152672 154914 300
296.4 2241.04 152668 154909 300
296.5 2241.04 152668 154910 300
296.6 2241.04 152670 154911 300
296.7 2241.04 152671 154912 300
296.8 2241.04 152670 154911 300
296.9 2241.04 152670 154911 300
297 2241.04 152671 154912 300
297.1 2241.04 152671 154912 300
297.2 2241.04 152671 154912 300
297.3 2241.04 152671 154912 300
297.4 2241.04 152671 154912 300
297.5 2241.04 152671 154912 300
297.6 2241.04 152671 154912 300
297.7 2241.04 152671 154912 300
297.8 2241.04 152690 154931 300
297.9 2241.04 152671 154912 300
298 2241.04 152671 154912 300
298.1 2241.04 152671 154912 300
298.2 2241.04 152671 154912 300
298.3 2241.04 152672 154913 300
298.4 2241.04 152670 154911 300
298.5 2241.04 152670 154911 300
298.6 2241.04 152670 154911 300
298.7 2241.04 152671 154912 300
298.8 2241.04 152671 154912 300
298.9 2241.04 152671 154912 300
299 2241.04 152671 154912 300
299.1 2241.04 152670 154911 300
299.2 2241.04 152671 154912 300
299.3 2241.04 152671 154912 300
299.4 2241.04 152671 154912 300
299.5 2241.04 152670 154911 300
299.6 2241.04 152670 154911 300
299.7 2241.04 152670 154911 300
299.8 2241.04 152670 154911 300
299.9 2241.04 152670 154911 300
300 2241.04 152669 154911 300
300.1 2241.04 152670 154911 300
300.2 2241.04 152669 154910 300
300.3 2241.04 152670 154911 300
300.4 2241.04 152669 154910 300
300.5 2241.04 152669 154910 300
300.6 2241.04 152669 154910 300
300.7 2241.04 152668 154909 300
300.8 2241.04 152669 154910 300
300.9 2241.04 152670 154911 300
301 2241.04 152669 154910 300
301.1 2241.04 152670 154911 300
301.2 2241.04 152669 154910 300
301.3 2241.04 152669 154910 300
301.4 2241.04 152669 154910 300
301.5 2241.04 152669 154910 300
301.6 2241.04 152670 154911 300
301.7 2241.04 152669 154910 300
301.8 2241.04 152669 154910 300
301.9 2241.04 152669 154910 300
302 2241.04 152669 154910 300
302.1 2241.04 152668 154909 300
302.2 2241.04 152668 154909 300
302.3 2241.04 152667 154908 300
302.4 2241.04 152668 154909 300
302.5 2241.04 152668 154909 300
302.6 2241.04 152669 154910 300
302.7 2241.04 152669 154910 300
302.8 2241.04 152669 154910 300
302.9 2241.04 152669 154910 300
303 2241.04 152669 154911 300
303.1 2241.04 152677 154918 300
303.2 2241.04 152669 154910 300
303.3 2241.04 152668 154910 300
303.4 2241.04 152669 154910 300
303.5 2241.04 152668 154909 300
303.6 2241.04 152668 154909 300
303.7 2241.04 152668 154909 300
303.8 2241.04 152667 154908 300
303.9 2241.04 152669 154910 300
304 2241.04 152667 154908 300
304.1 2241.04 152667 154908 300
304.2 2241.04 152667 154908 300
304.3 2241.04 152667 154908 300
304.4 2241.04 152668 154909 300
304.5 2241.04 152669 154910 300
304.6 2241.04 152669 154910 300
304.7 2241.04 152668 154909 300
304.8 2241.04 152671 154912 300
304.9 2241.04 152668 154909 300
305 2241.04 152668 154909 300
305.1 2241.04 152669 154910 300
305.2 2241.04 152669 154910 300
305.3 2241.04 152669 154910 300
305.4 2241.04 152669 154910 300
305.5 2241.04 152669 154910 300
305.6 2241.04 152670 154911 300
305.7 2241.04 152670 154911 300
305.8 2241.04 152670 154911 300
305.9 2241.04 152669 154910 300
306 2241.04 152669 154910 300
306.1 2241.04 152669 154910 300
306.2 2241.04 152669 154910 300
306.3 2241.04 152669 154911 300
306.4 2241.04 152670 154911 300
306.5 2241.04 152669 154910 300
306.6 2241.04 152670 154911 300
306.7 2241.04 152670 154911 300
306.8 2241.04 152670 154911 300
306.9 2241.04 152670 154911 300
307 2241.04 152669 154910 300
307.1 2241.04 152669 154910 300
307.2 2241.04 152669 154910 300
307.3 2241.04 152669 154910 300
307.4 2241.04 152669 154910 300
307.5 2241.04 152669 154910 300
307.6 2241.04 152669 154910 300
307.7 2241.04 152669 154910 300
307.8 2241.04 152669 154910 300
307.9 2241.04 152669 154910 300
308 2241.04 152669 154910 300
308.1 2241.04 152669 154910 300
308.2 2241.04 152669 154910 300
308.3 2241.04 152669 154910 300
308.4 2241.04 152669 154910 300
308.5 2241.04 152669 154910 300
308.6 2241.04 152669 154910 300
308.7 2241.04 152671 154912 300
308.8 2241.04 152669 154910 300
308.9 2241.04 152669 154910 300
309 2241.04 152668 154909 300
309.1 2241.04 152669 154910 300
309.2 2241.04 152667 154908 300
309.3 2241.04 152668 154909 300
309.4 2241.04 152669 154910 300
309.5 2241.04 152669 154910 300
309.6 2241.04 152669 154910 300
309.7 2241.04 152669 154910 300
309.8 2241.04 152669 154910 300
309.9 2241.04 152668 154909 300
310 2241.04 152669 154910 300
310.1 2241.04 152668 154909 300
310.2 2241.04 152668 154909 300
310.3 2241.04 152668 154909 300
310.4 2241.04 152668 154909 300
310.5 2241.04 152668 154909 300
310.6 2241.04 152668 154909 300
310.7 2241.04 152668 154909 300
310.8 2241.04 152668 154909 300
310.9 2241.04 152668 154909 300
311 2241.04 152668 154910 300
311.1 2241.04 152668 154909 300
311.2 2241.04 152669 154910 300
311.3 2241.04 152668 154909 300
311.4 2241.04 152668 154909 300
311.5 2241.04 152667 154909 300
311.6 2241.04 152667 154908 300
311.7 2241.04 152668 154909 300
311.8 2241.04 152668 154909 300
311.9 2241.04 152668 154909 300
312 2241.04 152668 154909 300
312.1 2241.04 152667 154908 300
312.2 2241.04 152667 154908 300
312.3 2241.04 152667 154908 300
312.4 2241.04 152670 154911 300
312.5 2241.04 152667 154908 300
312.6 2241.04 152668 154909 300
312.7 2241.04 152668 154909 300
312.8 2241.04 152669 154910 300
312.9 2241.04 152669 154910 300
313 2241.04 152668 154909 300
313.1 2241.04 152669 154910 300
313.2 2241.04 152669 154910 300
313.3 2241.04 152669 154910 300
313.4 2241.04 152669 154910 300
313.5 2241.04 152669 154910 300
313.6 2241.04 152669 154910 300
313.7 2241.04 152669 154910 300
313.8 2241.04 152669 154910 300
313.9 2241.04 152669 154910 300
314 2241.04 152669 154910 300
314.1 2241.04 152669 154910 300
314.2 2241.04 152668 154909 300
314.3 2241.04 152668 154909 300
314.4 2241.04 152667 154908 300
314.5 2241.04 152667 154909 300
314.6 2241.04 152667 154908 300
314.7 2241.04 152667 154908 300
314.8 2241.04 152666 154907 300
314.9 2241.04 152667 154908 300
315 2241.04 152667 154908 300
315.1 2241.04 152667 154908 300
315.2 2241.04 152667 154908 300
315.3 2241.04 152667 154908 300
315.4 2241.04 152667 154908 300
315.5 2241.04 152667 154908 300
315.6 2241.04 152667 154908 300
315.7 2241.04 152667 154908 300
315.8 2241.04 152667 154908 300
315.9 2241.04 152667 154908 300
316 2241.04 152668 154909 300
316.1 2241.04 152668 154909 300
316.2 2241.04 152668 154909 300
316.3 2241.04 152668 154909 300
316.4 2241.04 152668 154909 300
316.5 2241.04 152668 154909 300
316.6 2241.04 152669 154910 300
316.7 2241.04 152668 154909 300
316.8 2241.04 152668 154909 300
316.9 2241.04 152667 154908 300
317 2241.04 152668 154909 300
317.1 2241.04 152667 154908 300
317.2 2241.04 152668 154909 300
317.3 2241.04 152669 154910 300
317.4 2241.04 152668 154909 300
317.5 2241.04 152668 154909 300
317.6 2241.04 152668 154910 300
317.7 2241.04 152668 154909 300
317.8 2241.04 152668 154909 300
317.9 2241.04 152667 154909 300
318 2241.04 152667 154908 300
318.1 2241.04 152668 154909 300
318.2 2241.04 152668 154909 300
318.3 2241.04 152668 154909 300
318.4 2241.04 152668 154909 300
318.5 2241.04 152669 154910 300
318.6 2241.04 152669 154910 300
318.7 2241.04 152669 154910 300
318.8 2241.04 152669 154910 300
318.9 2241.04 152669 154910 300
319 2241.04 152689 154930 300
319.1 2241.04 152668 154909 300
319.2 2241.04 152668 154909 300
319.3 2241.04 152667 154908 300
319.4 2241.04 152667 154908 300
319.5 2241.04 152666 154907 300
319.6 2241.04 152667 154908 300
319.7 2241.04 152667 154908 300
319.8 2241.04 152667 154908 300
319.9 2241.04 152667 154908 300
320 2241.04 152667 154908 300
320.1 2241.04 152668 154909 300
320.2 2241.04 152668 154909 300
320.3 2241.04 152667 154908 300
320.4 2241.04 152668 154909 300
320.5 2241.04 152668 154909 300
320.6 2241.04 152669 154910 300
320.7 2241.04 152669 154910 300
320.8 2241.04 152669 154910 300
320.9 2241.04 152669 154910 300
321 2241.04 152669 154910 300
321.1 2241.04 152668 154909 300
321.2 2241.04 152673 154914 300
321.3 2241.04 152667 154908 300
321.4 2241.04 152756 154997 300
321.5 2241.04 152665 154906 300
321.6 2241.04 152665 154906 300
321.7 2241.04 152677 154918 300
321.8 2241.04 152666 154907 300
321.9 2241.04 152667 154908 300
322 2241.04 152667 154908 300
322.1 2241.04 152668 154909 300
322.2 2241.04 152668 154909 300
322.3 2241.04 152668 154909 300
322.4 2241.04 152668 154909 300
322.5 2241.04 152668 154909 300
322.6 2241.04 152668 154909 300
322.7 2241.04 152668 154909 300
322.8 2241.04 152668 154909 300
322.9 2241.04 152668 154909 300
323 2241.04 152668 154909 300
323.1 2241.04 152668 154909 300
323.2 2241.04 152667 154908 300
323.3 2241.04 152667 154908 300
323.4 2241.04 152667 154908 300
323.5 2241.04 152668 154909 300
323.6 2241.04 152668 154909 300
323.7 2241.04 152667 154908 300
323.8 2241.04 152667 154909 300
323.9 2241.04 152667 154908 300
324 2241.04 152668 154909 300
324.1 2241.04 152666 154907 300
324.2 2241.04 152667 154908 300
324.3 2241.04 152666 154907 300
324.4 2241.04 152667 154908 300
324.5 2241.04 152667 154908 300
324.6 2241.04 152666 154907 300
324.7 2241.04 152667 154908 300
324.8 2241.04 152667 154908 300
324.9 2241.04 152666 154908 300
325 2241.04 152666 154907 300
325.1 2241.04 152666 154907 300
325.2 2241.04 152667 154908 300
325.3 2241.04 152666 154907 300
325.4 2241.04 152666 154907 300
325.5 2241.04 152665 154907 300
325.6 2241.04 152666 154907 300
325.7 2241.04 152667 154908 300
325.8 2241.04 152667 154908 300
325.9 2241.04 152666 154907 300
326 2241.04 152686 154927 300
326.1 2241.04 152666 154907 300
326.2 2241.04 152667 154908 300
326.3 2241.04 152667 154908 300
326.4 2241.04 152666 154907 300
326.5 2241.04 152668 154909 300
326.6 2241.04 152667 154908 300
326.7 2241.04 152667 154908 300
326.8 2241.04 152667 154908 300
326.9 2241.04 152667 154908 300
327 2241.04 152667 154908 300
327.1 2241.04 152667 154908 300
327.2 2241.04 152667 154908 300
327.3 2241.04 152672 154913 300
327.4 2241.04 152667 154908 300
327.5 2241.04 152667 154908 300
327.6 2241.04 152667 154908 300
327.7 2241.04 152667 154908 300
327.8 2241.04 152667 154908 300
327.9 2241.04 152667 154908 300
328 2241.04 152666 154907 300
328.1 2241.04 152666 154907 300
328.2 2241.04 152665 154906 300
328.3 2241.04 152665 154906 300
328.4 2241.04 152665 154906 300
328.5 2241.04 152665 154906 300
328.6 2241.04 152665 154906 300
328.7 2241.04 152665 154906 300
328.8 2241.04 152665 154906 300
328.9 2241.04 152666 154907 300
329 2241.04 152666 154907 300
329.1 2241.04 152667 154908 300
329.2 2241.04 152667 154908 300
329.3 2241.04 152667 154908 300
329.4 2241.04 152667 154908 300
329.5 2241.04 152667 154908 300
329.6 2241.04 152667 154909 300
329.7 2241.04 152667 154908 300
329.8 2241.04 152667 154908 300
329.9 2241.04 152667 154908 300
330 2241.04 152667 154908 300
330.1 2241.04 152667 154908 300
330.2 2241.04 152667 154908 300
330.3 2241.04 152667 154908 300
330.4 2241.04 152667 154908 300
330.5 2241.04 152666 154908 300
330.6 2241.04 152666 154907 300
330.7 2241.04 152665 154906 300
330.8 2241.04 152666 154907 300
330.9 2241.04 152665 154906 300
331 2241.04 152666 154907 300
331.1 2241.04 152666 154907 300
331.2 2241.04 152666 154907 300
331.3 2241.04 152666 154907 300
331.4 2241.04 152666 154907 300
331.5 2241.04 152667 154908 300
331.6 2241.04 152667 154908 300
331.7 2241.04 152667 154908 300
331.8 2241.04 152667 154908 300
331.9 2241.04 152667 154908 300
332 2241.04 152667 154908 300
332.1 2241.04 152667 154908 300
332.2 2241.04 152667 154908 300
332.3 2241.04 152667 154908 300
332.4 2241.04 152667 154908 300
332.5 2241.04 152667 154908 300
332.6 2241.04 152667 154908 300
332.7 2241.04 152667 154908 300
332.8 2241.04 152668 154909 300
332.9 2241.04 152668 154909 300
333 2241.04 152668 154909 300
333.1 2241.04 152668 154909 300
333.2 2241.04 152668 154909 300
333.3 2241.04 152668 154909 300
333.4 2241.04 152668 154909 300
333.5 2241.04 152668 154909 300
333.6 2241.04 152667 154908 300
333.7 2241.04 152667 154908 300
333.8 2241.04 152667 154908 300
333.9 2241.04 152666 154907 300
334 2241.04 152670 154911 300
334.1 2241.04 152666 154907 300
334.2 2241.04 152667 154908 300
334.3 2241.04 152668 154909 300
334.4 2241.04 152668 154909 300
334.5 2241.04 152668 154909 300
334.6 2241.04 152668 154909 300
334.7 2241.04 152668 154909 300
334.8 2241.04 152667 154908 300
334.9 2241.04 152666 154907 300
335 2241.04 152667 154908 300
335.1 2241.04 152669 154910 300
335.2 2241.04 152667 154908 300
335.3 2241.04 152668 154909 300
335.4 2241.04 152668 154909 300
335.5 2241.04 152668 154909 300
335.6 2241.04 152668 154909 300
335.7 2241.04 152668 154910 300
335.8 2241.04 152668 154910 300
335.9 2241.04 152668 154909 300
336 2241.04 152668 154909 300
336.1 2241.04 152668 154909 300
336.2 2241.04 152669 154910 300
336.3 2241.04 152669 154910 300
336.4 2241.04 152669 154910 300
336.5 2241.04 152669 154910 300
336.6 2241.04 152669 154910 300
336.7 2241.04 152669 154910 300
336.8 2241.04 152669 154910 300
336.9 2241.04 152669 154910 300
337 2241.04 152668 154910 300
337.1 2241.04 152669 154910 300
337.2 2241.04 152668 154909 300
337.3 2241.04 152668 154909 300
337.4 2241.04 152668 154909 300
337.5 2241.04 152668 154909 300
337.6 2241.04 152669 154910 300
337.7 2241.04 152668 154909 300
337.8 2241.04 152668 154909 300
337.9 2241.04 152668 154909 300
338 2241.04 152668 154909 300
338.1 2241.04 152668 154909 300
338.2 2241.04 152668 154909 300
338.3 2241.04 152668 154909 300
338.4 2241.04 152667 154908 300
338.5 2241.04 152667 154908 300
338.6 2241.04 152667 154908 300
338.7 2241.04 152667 154908 300
338.8 2241.04 152666 154907 300
338.9 2241.04 152667 154908 300
339 2241.04 152667 154908 300
339.1 2241.04 152666 154907 300
339.2 2241.04 152666 154907 300
339.3 2241.04 152667 154908 300
339.4 2241.04 152666 154907 300
339.5 2241.04 152667 154908 300
339.6 2241.04 152667 154908 300
339.7 2241.04 152667 154908 300
339.8 2241.04 152667 154908 300
339.9 2241.04 152667 154908 300
340 2241.04 152667 154908 300
340.1 2241.04 152667 154908 300
340.2 2241.04 152667 154908 300
340.3 2241.04 152668 154909 300
340.4 2241.04 152667 154908 300
340.5 2241.04 152667 154908 300
340.6 2241.04 152667 154908 300
340.7 2241.04 152667 154908 300
340.8 2241.04 152666 154907 300
340.9 2241.04 152667 154908 300
341 2241.04 152665 154906 300
341.1 2241.04 152666 154907 300
341.2 2241.04 152666 154907 300
341.3 2241.04 152666 154907 300
341.4 2241.04 152667 154908 300
341.5 2241.04 152666 154908 300
341.6 2241.04 152667 154908 300
341.7 2241.04 152667 154908 300
341.8 2241.04 152666 154907 300
341.9 2241.04 152666 154907 300
342 2241.04 152666 154907 300
342.1 2241.04 152666 154907 300
342.2 2241.04 152666 154907 300
342.3 2241.04 152673 154914 300
342.4 2241.04 152665 154907 300
342.5 2241.04 152665 154906 300
342.6 2241.04 152665 154907 300
342.7 2241.04 152665 154906 300
342.8 2241.04 152665 154906 300
342.9 2241.04 152666 154907 300
343 2241.04 152666 154907 300
343.1 2241.04 152666 154908 300
343.2 2241.04 152667 154908 300
343.3 2241.04 152667 154908 300
343.4 2241.04 152667 154908 300
343.5 2241.04 152667 154908 300
343.6 2241.04 152666 154907 300
343.7 2241.04 152667 154908 300
343.8 2241.04 152667 154908 300
343.9 2241.04 152667 154908 300
344 2241.04 152667 154908 300
344.1 2241.04 152667 154908 300
344.2 2241.04 152667 154908 300
344.3 2241.04 152666 154908 300
344.4 2241.04 152666 154907 300
344.5 2241.04 152667 154908 300
344.6 2241.04 152666 154907 300
344.7 2241.04 152666 154907 300
344.8 2241.04 152666 154907 300
344.9 2241.04 152666 154907 300
345 2241.04 152665 154906 300
345.1 2241.04 152854 155095 300
345.2 2241.04 152668 154909 300
345.3 2241.04 152669 154910 300
345.4 2241.04 152668 154909 300
345.5 2241.04 152667 154908 300
345.6 2241.04 152671 154912 300
345.7 2241.04 152668 154909 300
345.8 2241.04 152668 154909 300
345.9 2241.04 152673 154914 300
346 2241.04 152676 154917 300
346.1 2241.04 152671 154912 300
346.2 2241.04 152668 154909 300
346.3 2241.04 152673 154914 300
346.4 2241.04 152672 154913 300
346.5 2241.04 152683 154924 300
346.6 2241.04 152668 154909 300
346.7 2241.04 152672 154913 300
346.8 2241.04 152669 154910 300
346.9 2241.04 152667 154908 300
347 2241.04 152668 154909 300
347.1 2241.04 152671 154912 300
347.2 2241.04 152668 154909 300
347.3 2241.04 152667 154908 300
347.4 2241.04 152667 154908 300
347.5 2241.04 152669 154910 300
347.6 2241.04 152670 154911 300
347.7 2241.04 152670 154911 300
347.8 2241.04 152668 154909 300
347.9 2241.04 152667 154908 300
348 2241.04 152668 154909 300
348.1 2241.04 152670 154911 300
348.2 2241.04 152668 154909 300
348.3 2241.04 152667 154908 300
348.4 2241.04 152668 154909 300
348.5 2241.04 152668 154909 300
348.6 2241.04 152666 154907 300
348.7 2241.04 152665 154906 300
348.8 2241.04 152669 154910 300
348.9 2241.04 152667 154908 300
349 2241.04 152666 154907 300
349.1 2241.04 152669 154910 300
349.2 2241.04 152669 154910 300
349.3 2241.04 152667 154908 300
349.4 2241.04 152669 154910 300
349.5 2241.04 152668 154910 300
349.6 2241.04 152667 154908 300
349.7 2241.04 152667 154908 300
349.8 2241.04 152668 154909 300
349.9 2241.04 152668 154909 300
350 2241.04 152667 154908 300
350.1 2241.04 152667 154908 300
350.2 2241.04 152667 154908 300
350.3 2241.04 152669 154910 300
350.4 2241.04 152670 154911 300
350.5 2241.04 152670 154911 300
350.6 2241.04 152668 154909 300
350.7 2241.04 152667 154909 300
350.8 2241.04 152667 154908 300
350.9 2241.04 152667 154908 300
351 2241.04 152667 154908 300
351.1 2241.04 152668 154909 300
351.2 2241.04 152669 154910 300
351.3 2241.04 152669 154910 300
351.4 2241.04 152670 154911 300
351.5 2241.04 152669 154910 300
351.6 2241.04 152668 154909 300
351.7 2241.04 152669 154910 300
351.8 2241.04 152666 154907 300
351.9 2241.04 152667 154908 300
352 2241.04 152667 154908 300
352.1 2241.04 152668 154909 300
352.2 2241.04 152669 154910 300
352.3 2241.04 152669 154910 300
352.4 2241.04 152667 154909 300
352.5 2241.04 152667 154908 300
352.6 2241.04 152668 154909 300
352.7 2241.04 152668 154909 300
352.8 2241.04 152666 154907 300
352.9 2241.04 152666 154907 300
353 2241.04 152667 154908 300
353.1 2241.04 152666 154907 300
353.2 2241.04 152665 154906 300
353.3 2241.04 152667 154908 300
353.4 2241.04 152666 154907 300
353.5 2241.04 152666 154907 300
353.6 2241.04 152667 154908 300
353.7 2241.04 152665 154906 300
353.8 2241.04 152666 154907 300
353.9 2241.04 152666 154907 300
354 2241.04 152665 154907 300
354.1 2241.04 152666 154907 300
354.2 2241.04 152665 154906 300
354.3 2241.04 152664 154905 300
354.4 2241.04 152666 154907 300
354.5 2241.04 152666 154907 300
354.6 2241.04 152677 154918 300
354.7 2241.04 152666 154907 300
354.8 2241.04 152666 154907 300
354.9 2241.04 152666 154907 300
355 2241.04 152666 154907 300
355.1 2241.04 152664 154905 300
355.2 2241.04 152669 154910 300
355.3 2241.04 152665 154906 300
355.4 2241.04 152665 154906 300
355.5 2241.04 152665 154906 300
355.6 2241.04 152666 154907 300
355.7 2241.04 152666 154907 300
355.8 2241.04 152668 154909 300
355.9 2241.04 152668 154909 300
356 2241.04 152668 154909 300
356.1 2241.04 152667 154908 300
356.2 2241.04 152667 154908 300
356.3 2241.04 152666 154908 300
356.4 2241.04 152666 154907 300
356.5 2241.04 152666 154907 300
356.6 2241.04 152666 154907 300
356.7 2241.04 152665 154906 300
356.8 2241.04 152666 154907 300
356.9 2241.04 152666 154907 300
357 2241.04 152666 154907 300
357.1 2241.04 152665 154906 300
357.2 2241.04 152666 154907 300
357.3 2241.04 152666 154907 300
357.4 2241.04 152665 154906 300
357.5 2241.04 152665 154906 300
357.6 2241.04 152664 154905 300
357.7 2241.04 152664 154905 300
357.8 2241.04 152665 154907 300
357.9 2241.04 152665 154906 300
358 2241.04 152666 154907 300
358.1 2241.04 152664 154905 300
358.2 2241.04 152664 154905 300
358.3 2241.04 152664 154905 300
358.4 2241.04 152664 154905 300
358.5 2241.04 152664 154905 300
358.6 2241.04 152664 154905 300
358.7 2241.04 152664 154905 300
358.8 2241.04 152664 154905 300
358.9 2241.04 152664 154905 300
359 2241.04 152664 154905 300
359.1 2241.04 152664 154905 300
359.2 2241.04 152665 154906 300
359.3 2241.04 152665 154906 300
359.4 2241.04 152664 154905 300
359.5 2241.04 152666 154907 300
359.6 2241.04 152665 154906 300
359.7 2241.04 152665 154906 300
359.8 2241.04 152666 154907 300
359.9 2241.04 152666 154907 300
360 2241.04 152667 154908 300
360.1 2241.04 152667 154908 300
360.2 2241.04 152667 154908 300
360.3 2241.04 152668 154909 300
360.4 2241.04 152668 154909 300
360.5 2241.04 152668 154909 300
360.6 2241.04 152668 154909 300
360.7 2241.04 152668 154909 300
360.8 2241.04 152668 154909 300
360.9 2241.04 152667 154908 300
361 2241.04 152667 154908 300
361.1 2241.04 152667 154908 300
361.2 2241.04 152666 154907 300
361.3 2241.04 152667 154908 300
361.4 2241.04 152667 154908 300
361.5 2241.04 152667 154908 300
361.6 2241.04 152666 154907 300
361.7 2241.04 152666 154908 300
361.8 2241.04 152666 154907 300
361.9 2241.04 152666 154907 300
362 2241.04 152666 154907 300
362.1 2241.04 152666 154907 300
362.2 2241.04 152665 154906 300
362.3 2241.04 152665 154906 300
362.4 2241.04 152665 154906 300
362.5 2241.04 152665 154906 300
362.6 2241.04 152665 154906 300
362.7 2241.04 152665 154906 300
362.8 2241.04 152666 154907 300
362.9 2241.04 152666 154907 300
363 2241.04 152665 154906 300
363.1 2241.04 152665 154906 300
363.2 2241.04 152665 154906 300
363.3 2241.04 152666 154907 300
363.4 2241.04 152667 154908 300
363.5 2241.04 152667 154908 300
363.6 2241.04 152667 154908 300
363.7 2241.04 152667 154908 300
363.8 2241.04 152668 154909 300
363.9 2241.04 152667 154908 300
364 2241.04 152667 154908 300
364.1 2241.04 152667 154908 300
364.2 2241.04 152668 154909 300
364.3 2241.04 152667 154908 300
364.4 2241.04 152667 154908 300
364.5 2241.04 152667 154908 300
364.6 2241.04 152667 154908 300
364.7 2241.04 152667 154908 300
364.8 2241.04 152667 154908 300
364.9 2241.04 152667 154909 300
365 2241.04 152668 154909 300
365.1 2241.04 152668 154909 300
365.2 2241.04 152668 154909 300
365.3 2241.04 152671 154912 300
365.4 2241.04 152668 154909 300
365.5 2241.04 152668 154909 300
365.6 2241.04 152668 154909 300
365.7 2241.04 152668 154909 300
365.8 2241.04 152667 154908 300
365.9 2241.04 152667 154908 300
366 2241.04 152667 154908 300
366.1 2241.04 152667 154908 300
366.2 2241.04 152667 154908 300
366.3 2241.04 152667 154908 300
366.4 2241.04 152667 154908 300
366.5 2241.04 152667 154908 300
366.6 2241.04 152666 154907 300
366.7 2241.04 152666 154907 300
366.8 2241.04 152665 154906 300
366.9 2241.04 152665 154906 300
367 2241.04 152666 154907 300
367.1 2241.04 152666 154907 300
367.2 2241.04 152667 154908 300
367.3 2241.04 152667 154908 300
367.4 2241.04 152667 154908 300
367.5 2241.04 152667 154908 300
367.6 2241.04 152666 154907 300
367.7 2241.04 152667 154908 300
367.8 2241.04 152666 154907 300
367.9 2241.04 152666 154907 300
368 2241.04 152669 154910 300
368.1 2241.04 152666 154907 300
368.2 2241.04 152666 154907 300
368.3 2241.04 152667 154908 300
368.4 2241.04 152667 154909 300
368.5 2241.04 152667 154908 300
368.6 2241.04 152668 154909 300
368.7 2241.04 152668 154909 300
368.8 2241.04 152668 154909 300
368.9 2241.04 152668 154909 300
369 2241.04 152668 154909 300
369.1 2241.04 152669 154910 300
369.2 2241.04 152669 154910 300
369.3 2241.04 152668 154909 300
369.4 2241.04 152669 154910 300
369.5 2241.04 152668 154909 300
369.6 2241.04 152668 154909 300
369.7 2241.04 152668 154910 300
369.8 2241.04 152668 154909 300
369.9 2241.04 152668 154909 300
370 2241.04 152669 154910 300
370.1 2241.04 152668 154909 300
370.2 2241.04 152668 154909 300
370.3 2241.04 152667 154908 300
370.4 2241.04 152667 154908 300
370.5 2241.04 152666 154907 300
370.6 2241.04 152667 154908 300
370.7 2241.04 152667 154908 300
370.8 2241.04 152667 154908 300
370.9 2241.04 152667 154908 300
371 2241.04 152667 154908 300
371.1 2241.04 152667 154908 300
371.2 2241.04 152667 154908 300
371.3 2241.04 152667 154908 300
371.4 2241.04 152667 154908 300
371.5 2241.04 152667 154908 300
371.6 2241.04 152667 154908 300
371.7 2241.04 152666 154907 300
371.8 2241.04 152666 154907 300
371.9 2241.04 152667 154908 300
372 2241.04 152666 154907 300
372.1 2241.04 152666 154907 300
372.2 2241.04 152666 154907 300
372.3 2241.04 152667 154908 300
372.4 2241.04 152667 154908 300
372.5 2241.04 152667 154908 300
372.6 2241.04 152668 154909 300
372.7 2241.04 152667 154909 300
372.8 2241.04 152667 154908 300
372.9 2241.04 152668 154909 300
373 2241.04 152668 154909 300
373.1 2241.04 152668 154909 300
373.2 2241.04 152668 154910 300
373.3 2241.04 152668 154909 300
373.4 2241.04 152668 154909 300
373.5 2241.04 152668 154909 300
373.6 2241.04 152668 154909 300
373.7 2241.04 152668 154909 300
373.8 2241.04 152668 154909 300
373.9 2241.04 152667 154909 300
374 2241.04 152667 154908 300
374.1 2241.04 152667 154908 300
374.2 2241.04 152666 154907 300
374.3 2241.04 152666 154907 300
374.4 2241.04 152665 154906 300
374.5 2241.04 152665 154906 300
374.6 2241.04 152666 154907 300
374.7 2241.04 152666 154907 300
374.8 2241.04 152667 154908 300
374.9 2241.04 152667 154908 300
375 2241.04 152667 154908 300
375.1 2241.04 152666 154907 300
375.2 2241.04 152665 154907 300
375.3 2241.04 152665 154906 300
375.4 2241.04 152665 154907 300
375.5 2241.04 152666 154907 300
375.6 2241.04 152666 154907 300
375.7 2241.04 152665 154906 300
375.8 2241.04 152666 154907 300
375.9 2241.04 152666 154907 300
376 2241.04 152665 154906 300
376.1 2241.04 152665 154906 300
376.2 2241.04 152665 154906 300
376.3 2241.04 152664 154905 300
376.4 2241.04 152665 154906 300
376.5 2241.04 152664 154905 300
376.6 2241.04 152663 154904 300
376.7 2241.04 152664 154905 300
376.8 2241.04 152664 154905 300
376.9 2241.04 152664 154905 300
377 2241.04 152665 154906 300
377.1 2241.04 152665 154906 300
377.2 2241.04 152664 154906 300
377.3 2241.04 152665 154906 300
377.4 2241.04 152664 154905 300
377.5 2241.04 152664 154905 300
377.6 2241.04 152664 154905 300
377.7 2241.04 152664 154905 300
377.8 2241.04 152664 154905 300
377.9 2241.04 152664 154905 300
378 2241.04 152667 154908 300
378.1 2241.04 152663 154904 300
378.2 2241.04 152664 154905 300
378.3 2241.04 152664 154905 300
378.4 2241.04 152664 154905 300
378.5 2241.04 152663 154904 300
378.6 2241.04 152662 154904 300
378.7 2241.04 152662 154903 300
378.8 2241.04 152665 154906 300
378.9 2241.04 152661 154902 300
379 2241.04 152662 154903 300
379.1 2241.04 152662 154903 300
379.2 2241.04 152663 154904 300
379.3 2241.04 152663 154904 300
379.4 2241.04 152663 154904 300
379.5 2241.04 152663 154904 300
379.6 2241.04 152663 154904 300
379.7 2241.04 152663 154904 300
379.8 2241.04 152663 154904 300
379.9 2241.04 152663 154904 300
380 2241.04 152663 154904 300
380.1 2241.04 152663 154904 300
380.2 2241.04 152662 154903 300
380.3 2241.04 152662 154903 300
380.4 2241.04 152662 154903 300
380.5 2241.04 152662 154903 300
380.6 2241.04 152661 154902 300
380.7 2241.04 152662 154903 300
380.8 2241.04 152661 154902 300
380.9 2241.04 152662 154903 300
381 2241.04 152662 154903 300
381.1 2241.04 152662 154903 300
381.2 2241.04 152662 154903 300
381.3 2241.04 152662 154903 300
381.4 2241.04 152662 154903 300
381.5 2241.04 152662 154903 300
381.6 2241.04 152662 154903 300
381.7 2241.04 152661 154902 300
381.8 2241.04 152662 154903 300
381.9 2241.04 152662 154903 300
382 2241.04 152661 154902 300
382.1 2241.04 152661 154902 300
382.2 2241.04 152661 154903 300
382.3 2241.04 152662 154903 300
382.4 2241.04 152662 154903 300
382.5 2241.04 152662 154903 300
382.6 2241.04 152662 154903 300
382.7 2241.04 152662 154903 300
382.8 2241.04 152662 154903 300
382.9 2241.04 152662 154903 300
383 2241.04 152662 154903 300
383.1 2241.04 152662 154903 300
383.2 2241.04 152662 154903 300
383.3 2241.04 152662 154903 300
383.4 2241.04 152662 154903 300
383.5 2241.04 152662 154903 300
383.6 2241.04 152662 154903 300
383.7 2241.04 152661 154902 300
383.8 2241.04 152661 154902 300
383.9 2241.04 152661 154902 300
384 2241.04 152662 154903 300
384.1 2241.04 152662 154903 300
384.2 2241.04 152661 154903 300
384.3 2241.04 152661 154902 300
384.4 2241.04 152661 154902 300
384.5 2241.04 152662 154903 300
384.6 2241.04 152661 154902 300
384.7 2241.04 152661 154903 300
384.8 2241.04 152662 154903 300
384.9 2241.04 152662 154903 300
385 2241.04 152662 154903 300
385.1 2241.04 152662 154903 300
385.2 2241.04 152662 154903 300
385.3 2241.04 152662 154903 300
385.4 2241.04 152662 154903 300
385.5 2241.04 152662 154903 300
385.6 2241.04 152662 154903 300
385.7 2241.04 152662 154903 300
385.8 2241.04 152662 154903 300
385.9 2241.04 152661 154902 300
386 2241.04 152661 154902 300
386.1 2241.04 152662 154903 300
386.2 2241.04 152661 154902 300
386.3 2241.04 152661 154902 300
386.4 2241.04 152661 154902 300
386.5 2241.04 152661 154902 300
386.6 2241.04 152662 154903 300
386.7 2241.04 152662 154903 300
386.8 2241.04 152662 154903 300
386.9 2241.04 152662 154903 300
387 2241.04 152661 154902 300
387.1 2241.04 152661 154902 300
387.2 2241.04 152661 154902 300
387.3 2241.04 152661 154902 300
387.4 2241.04 152662 154903 300
387.5 2241.04 152661 154902 300
387.6 2241.04 152661 154902 300
387.7 2241.04 152661 154902 300
387.8 2241.04 152661 154902 300
387.9 2241.04 152661 154902 300
388 2241.04 152661 154902 300
388.1 2241.04 152661 154902 300
388.2 2241.04 152661 154902 300
388.3 2241.04 152661 154902 300
388.4 2241.04 152661 154902 300
388.5 2241.04 152661 154902 300
388.6 2241.04 152660 154901 300
388.7 2241.04 152659 154900 300
388.8 2241.04 152662 154903 300
388.9 2241.04 152659 154900 300
389 2241.04 152660 154901 300
389.1 2241.04 152660 154901 300
389.2 2241.04 152660 154901 300
389.3 2241.04 152660 154902 300
389.4 2241.04 152661 154902 300
389.5 2241.04 152661 154902 300
389.6 2241.04 152660 154901 300
389.7 2241.04 152660 154901 300
389.8 2241.04 152660 154901 300
389.9 2241.04 152660 154901 300
390 2241.04 152660 154901 300
390.1 2241.04 152659 154900 300
390.2 2241.04 152659 154900 300
390.3 2241.04 152660 154901 300
390.4 2241.04 152659 154900 300
390.5 2241.04 152659 154900 300
390.6 2241.04 152658 154899 300
390.7 2241.04 152658 154899 300
390.8 2241.04 152658 154899 300
390.9 2241.04 152658 154899 300
391 2241.04 152658 154899 300
391.1 2241.04 152658 154899 300
391.2 2241.04 152658 154899 300
391.3 2241.04 152658 154899 300
391.4 2241.04 152658 154899 300
391.5 2241.04 152658 154899 300
391.6 2241.04 152659 154900 300
391.7 2241.04 152659 154900 300
391.8 2241.04 152659 154900 300
391.9 2241.04 152659 154900 300
392 2241.04 152659 154900 300
392.1 2241.04 152659 154900 300
392.2 2241.04 152659 154900 300
392.3 2241.04 152659 154900 300
392.4 2241.04 152659 154900 300
392.5 2241.04 152659 154901 300
392.6 2241.04 152659 154900 300
392.7 2241.04 152659 154900 300
392.8 2241.04 152660 154901 300
392.9 2241.04 152660 154901 300
393 2241.04 152659 154901 300
393.1 2241.04 152660 154901 300
393.2 2241.04 152660 154901 300
393.3 2241.04 152660 154901 300
393.4 2241.04 152659 154900 300
393.5 2241.04 152659 154900 300
393.6 2241.04 152659 154900 300
393.7 2241.04 152658 154899 300
393.8 2241.04 152659 154900 300
393.9 2241.04 152658 154899 300
394 2241.04 152658 154899 300
394.1 2241.04 152658 154899 300
394.2 2241.04 152657 154899 300
394.3 2241.04 152657 154898 300
394.4 2241.04 152658 154899 300
394.5 2241.04 152658 154899 300
394.6 2241.04 152658 154899 300
394.7 2241.04 152658 154899 300
394.8 2241.04 152659 154900 300
394.9 2241.04 152659 154900 300
395 2241.04 152659 154900 300
395.1 2241.04 152659 154900 300
395.2 2241.04 152659 154900 300
395.3 2241.04 152659 154900 300
395.4 2241.04 152659 154900 300
395.5 2241.04 152659 154900 300
395.6 2241.04 152659 154900 300
395.7 2241.04 152659 154900 300
395.8 2241.04 152659 154900 300
395.9 2241.04 152659 154900 300
396 2241.04 152659 154901 300
396.1 2241.04 152659 154900 300
396.2 2241.04 152659 154900 300
396.3 2241.04 152659 154900 300
396.4 2241.04 152659 154900 300
396.5 2241.04 152658 154899 300
396.6 2241.04 152658 154899 300
396.7 2241.04 152658 154899 300
396.8 2241.04 152657 154898 300
396.9 2241.04 152657 154898 300
397 2241.04 152658 154899 300
397.1 2241.04 152657 154898 300
397.2 2241.04 152668 154909 300
397.3 2241.04 152657 154898 300
397.4 2241.04 152658 154899 300
397.5 2241.04 152658 154899 300
397.6 2241.04 152659 154900 300
397.7 2241.04 152658 154899 300
397.8 2241.04 152658 154899 300
397.9 2241.04 152658 154899 300
398 2241.04 152658 154899 300
398.1 2241.04 152657 154898 300
398.2 2241.04 152657 154899 300
398.3 2241.04 152658 154899 300
398.4 2241.04 152657 154898 300
398.5 2241.04 152657 154898 300
398.6 2241.04 152656 154897 300
398.7 2241.04 152656 154897 300
398.8 2241.04 152656 154897 300
398.9 2241.04 152657 154898 300
399 2241.04 152656 154897 300
399.1 2241.04 152657 154898 300
399.2 2241.04 152658 154899 300
399.3 2241.04 152658 154899 300
399.4 2241.04 152658 154899 300
399.5 2241.04 152659 154900 300
399.6 2241.04 152659 154900 300
399.7 2241.04 152659 154900 300
399.8 2241.04 152659 154900 300
399.9 2241.04 152659 154900 300
400 2241.04 152659 154900 300
400.1 2241.04 152659 154900 300
400.2 2241.04 152658 154899 300
400.3 2241.04 152657 154898 300
400.4 2241.04 152659 154900 300
400.5 2241.04 152657 154898 300
400.6 2241.04 152657 154898 300
400.7 2241.04 152658 154899 300
400.8 2241.04 152658 154899 300
400.9 2241.04 152659 154900 300
401 2241.04 152659 154900 300
401.1 2241.04 152659 154900 300
401.2 2241.04 152659 154900 300
401.3 2241.04 152659 154900 300
401.4 2241.04 152658 154899 300
401.5 2241.04 152658 154899 300
401.6 2241.04 152658 154899 300
401.7 2241.04 152658 154899 300
401.8 2241.04 152658 154899 300
401.9 2241.04 152658 154899 300
402 2241.04 152657 154898 300
402.1 2241.04 152657 154898 300
402.2 2241.04 152658 154899 300
402.3 2241.04 152658 154899 300
402.4 2241.04 152658 154899 300
402.5 2241.04 152659 154900 300
402.6 2241.04 152658 154899 300
402.7 2241.04 152658 154899 300
402.8 2241.04 152659 154900 300
402.9 2241.04 152659 154900 300
403 2241.04 152658 154899 300
403.1 2241.04 152658 154899 300
403.2 2241.04 152658 154899 300
403.3 2241.04 152659 154900 300
403.4 2241.04 152659 154900 300
403.5 2241.04 152659 154900 300
403.6 2241.04 152659 154900 300
403.7 2241.04 152659 154900 300
403.8 2241.04 152659 154900 300
403.9 2241.04 152659 154900 300
404 2241.04 152659 154900 300
404.1 2241.04 152658 154899 300
404.2 2241.04 152658 154899 300
404.3 2241.04 152658 154899 300
404.4 2241.04 152658 154899 300
404.5 2241.04 152658 154899 300
404.6 2241.04 152658 154899 300
404.7 2241.04 152658 154899 300
404.8 2241.04 152658 154899 300
404.9 2241.04 152658 154899 300
405 2241.04 152658 154899 300
405.1 2241.04 152658 154899 300
405.2 2241.04 152657 154898 300
405.3 2241.04 152657 154898 300
405.4 2241.04 152657 154898 300
405.5 2241.04 152657 154898 300
405.6 2241.04 152657 154898 300
405.7 2241.04 152657 154898 300
405.8 2241.04 152657 154898 300
405.9 2241.04 152657 154898 300
406 2241.04 152657 154899 300
406.1 2241.04 152658 154899 300
406.2 2241.04 152657 154898 300
406.3 2241.04 152657 154898 300
406.4 2241.04 152657 154898 300
406.5 2241.04 152656 154897 300
406.6 2241.04 152657 154898 300
406.7 2241.04 152656 154897 300
406.8 2241.04 152656 154897 300
406.9 2241.04 152656 154897 300
407 2241.04 152656 154897 300
407.1 2241.04 152656 154897 300
407.2 2241.04 152657 154898 300
407.3 2241.04 152658 154899 300
407.4 2241.04 152658 154899 300
407.5 2241.04 152658 154899 300
407.6 2241.04 152658 154899 300
407.7 2241.04 152658 154899 300
407.8 2241.04 152658 154899 300
407.9 2241.04 152659 154900 300
408 2241.04 152658 154899 300
408.1 2241.04 152658 154899 300
408.2 2241.04 152658 154899 300
408.3 2241.04 152660 154902 300
408.4 2241.04 152659 154900 300
408.5 2241.04 152660 154901 300
408.6 2241.04 152659 154901 300
408.7 2241.04 152659 154900 300
408.8 2241.04 152659 154900 300
408.9 2241.04 152659 154900 300
409 2241.04 152659 154900 300
409.1 2241.04 152659 154900 300
409.2 2241.04 152659 154900 300
409.3 2241.04 152659 154900 300
409.4 2241.04 152659 154900 300
409.5 2241.04 152659 154900 300
409.6 2241.04 152660 154901 300
409.7 2241.04 152659 154900 300
409.8 2241.04 152659 154900 300
409.9 2241.04 152659 154900 300
410 2241.04 152660 154901 300
410.1 2241.04 152660 154901 300
410.2 2241.04 152660 154901 300
410.3 2241.04 152659 154900 300
410.4 2241.04 152659 154900 300
410.5 2241.04 152658 154899 300
410.6 2241.04 152658 154899 300
410.7 2241.04 152659 154900 300
410.8 2241.04 152659 154900 300
410.9 2241.04 152658 154899 300
411 2241.04 152659 154900 300
411.1 2241.04 152659 154900 300
411.2 2241.04 152660 154901 300
411.3 2241.04 152660 154901 300
411.4 2241.04 152660 154901 300
411.5 2241.04 152660 154901 300
411.6 2241.04 152660 154901 300
411.7 2241.04 152660 154901 300
411.8 2241.04 152659 154900 300
411.9 2241.04 152659 154900 300
412 2241.04 152660 154901 300
412.1 2241.04 152660 154901 300
412.2 2241.04 152660 154901 300
412.3 2241.04 152659 154900 300
412.4 2241.04 152659 154900 300
412.5 2241.04 152658 154899 300
412.6 2241.04 152658 154899 300
412.7 2241.04 152659 154900 300
412.8 2241.04 152659 154900 300
412.9 2241.04 152660 154901 300
413 2241.04 152659 154900 300
413.1 2241.04 152660 154901 300
413.2 2241.04 152660 154901 300
413.3 2241.04 152660 154901 300
413.4 2241.04 152660 154901 300
413.5 2241.04 152660 154901 300
413.6 2241.04 152660 154901 300
413.7 2241.04 152660 154901 300
413.8 2241.04 152660 154901 300
413.9 2241.04 152660 154901 300
414 2241.04 152660 154901 300
414.1 2241.04 152660 154901 300
414.2 2241.04 152659 154900 300
414.3 2241.04 152659 154900 300
414.4 2241.04 152659 154900 300
414.5 2241.04 152659 154900 300
414.6 2241.04 152658 154899 300
414.7 2241.04 152658 154899 300
414.8 2241.04 152658 154899 300
414.9 2241.04 152658 154899 300
415 2241.04 152658 154899 300
415.1 2241.04 152659 154900 300
415.2 2241.04 152659 154900 300
415.3 2241.04 152659 154900 300
415.4 2241.04 152659 154900 300
415.5 2241.04 152660 154901 300
415.6 2241.04 152660 154901 300
415.7 2241.04 152660 154901 300
415.8 2241.04 152660 154901 300
415.9 2241.04 152660 154901 300
416 2241.04 152660 154901 300
416.1 2241.04 152660 154901 300
416.2 2241.04 152660 154901 300
416.3 2241.04 152660 154901 300
416.4 2241.04 152660 154901 300
416.5 2241.04 152661 154902 300
416.6 2241.04 152660 154901 300
416.7 2241.04 152660 154901 300
416.8 2241.04 152660 154901 300
416.9 2241.04 152660 154901 300
417 2241.04 152660 154901 300
417.1 2241.04 152661 154902 300
417.2 2241.04 152661 154902 300
417.3 2241.04 152660 154901 300
417.4 2241.04 152660 154901 300
417.5 2241.04 152660 154901 300
417.6 2241.04 152660 154901 300
417.7 2241.04 152661 154902 300
417.8 2241.04 152661 154902 300
417.9 2241.04 152661 154902 300
418 2241.04 152662 154903 300
418.1 2241.04 152662 154903 300
418.2 2241.04 152662 154903 300
418.3 2241.04 152662 154903 300
418.4 2241.04 152661 154902 300
418.5 2241.04 152660 154901 300
418.6 2241.04 152661 154902 300
418.7 2241.04 152661 154902 300
418.8 2241.04 152662 154903 300
418.9 2241.04 152661 154902 300
419 2241.04 152661 154902 300
419.1 2241.04 152662 154903 300
419.2 2241.04 152662 154903 300
419.3 2241.04 152662 154903 300
419.4 2241.04 152661 154903 300
419.5 2241.04 152662 154903 300
419.6 2241.04 152662 154904 300
419.7 2241.04 152662 154903 300
419.8 2241.04 152662 154903 300
419.9 2241.04 152662 154903 300
420 2241.04 152662 154903 300
420.1 2241.04 152662 154903 300
420.2 2241.04 152661 154903 300
420.3 2241.04 152661 154902 300
420.4 2241.04 152662 154903 300
420.5 2241.04 152662 154903 300
420.6 2241.04 152662 154903 300
420.7 2241.04 152662 154903 300
420.8 2241.04 152662 154903 300
420.9 2241.04 152662 154903 300
421 2241.04 152662 154903 300
421.1 2241.04 152662 154903 300
421.2 2241.04 152662 154903 300
421.3 2241.04 152662 154903 300
421.4 2241.04 152662 154903 300
421.5 2241.04 152662 154903 300
421.6 2241.04 152661 154902 300
421.7 2241.04 152662 154903 300
421.8 2241.04 152662 154903 300
421.9 2241.04 152662 154903 300
422 2241.04 152662 154903 300
422.1 2241.04 152662 154903 300
422.2 2241.04 152662 154903 300
422.3 2241.04 152662 154903 300
422.4 2241.04 152662 154903 300
422.5 2241.04 152662 154903 300
422.6 2241.04 152661 154902 300
422.7 2241.04 152661 154902 300
422.8 2241.04 152662 154903 300
422.9 2241.04 152661 154902 300
423 2241.04 152661 154902 300
423.1 2241.04 152660 154901 300
423.2 2241.04 152660 154901 300
423.3 2241.04 152659 154900 300
423.4 2241.04 152660 154901 300
423.5 2241.04 152659 154900 300
423.6 2241.04 152661 154902 300
423.7 2241.04 152660 154901 300
423.8 2241.04 152660 154901 300
423.9 2241.04 152661 154902 300
424 2241.04 152661 154902 300
424.1 2241.04 152661 154902 300
424.2 2241.04 152661 154902 300
424.3 2241.04 152661 154902 300
424.4 2241.04 152661 154902 300
424.5 2241.04 152661 154902 300
424.6 2241.04 152662 154903 300
424.7 2241.04 152662 154903 300
424.8 2241.04 152662 154903 300
424.9 2241.04 152662 154903 300
425 2241.04 152662 154903 300
425.1 2241.04 152662 154903 300
425.2 2241.04 152662 154903 300
425.3 2241.04 152661 154902 300
425.4 2241.04 152662 154903 300
425.5 2241.04 152662 154903 300
425.6 2241.04 152662 154903 300
425.7 2241.04 152662 154903 300
425.8 2241.04 152662 154903 300
425.9 2241.04 152663 154904 300
426 2241.04 152663 154904 300
426.1 2241.04 152663 154904 300
426.2 2241.04 152663 154904 300
426.3 2241.04 152662 154903 300
426.4 2241.04 152662 154903 300
426.5 2241.04 152663 154904 300
426.6 2241.04 152662 154903 300
426.7 2241.04 152661 154902 300
426.8 2241.04 152662 154903 300
426.9 2241.04 152662 154903 300
427 2241.04 152662 154903 300
427.1 2241.04 152662 154903 300
427.2 2241.04 152661 154902 300
427.3 2241.04 152661 154902 300
427.4 2241.04 152661 154903 300
427.5 2241.04 152661 154902 300
427.6 2241.04 152661 154902 300
427.7 2241.04 152660 154901 300
427.8 2241.04 152660 154901 300
427.9 2241.04 152661 154902 300
428 2241.04 152661 154902 300
428.1 2241.04 152660 154902 300
428.2 2241.04 152782 155023 300
428.3 2241.04 152662 154903 300
428.4 2241.04 152663 154904 300
428.5 2241.04 152663 154904 300
428.6 2241.04 152663 154904 300
428.7 2241.04 152663 154904 300
428.8 2241.04 152661 154902 300
428.9 2241.04 152661 154902 300
429 2241.04 152662 154903 300
429.1 2241.04 152661 154902 300
429.2 2241.04 152662 154903 300
429.3 2241.04 152662 154904 300
429.4 2241.04 152663 154904 300
429.5 2241.04 152661 154902 300
429.6 2241.04 152661 154902 300
429.7 2241.04 152661 154902 300
429.8 2241.04 152662 154903 300
429.9 2241.04 152662 154903 300
430 2241.04 152661 154902 300
430.1 2241.04 152662 154903 300
430.2 2241.04 152664 154905 300
430.3 2241.04 152660 154901 300
430.4 2241.04 152662 154903 300
430.5 2241.04 152662 154903 300
430.6 2241.04 152663 154904 300
430.7 2241.04 152661 154902 300
430.8 2241.04 152660 154901 300
430.9 2241.04 152661 154902 300
431 2241.04 152662 154903 300
431.1 2241.04 152664 154905 300
431.2 2241.04 152662 154903 300
431.3 2241.04 152661 154902 300
431.4 2241.04 152662 154903 300
431.5 2241.04 152664 154905 300
431.6 2241.04 152665 154906 300
431.7 2241.04 152662 154903 300
431.8 2241.04 152662 154903 300
431.9 2241.04 152662 154904 300
432 2241.04 152663 154904 300
432.1 2241.04 152664 154905 300
432.2 2241.04 152663 154904 300
432.3 2241.04 152661 154902 300
432.4 2241.04 152664 154905 300
432.5 2241.04 152662 154903 300
432.6 2241.04 152685 154926 300
432.7 2241.04 152661 154902 300
432.8 2241.04 152661 154902 300
432.9 2241.04 152662 154903 300
433 2241.04 152660 154901 300
433.1 2241.04 152660 154901 300
433.2 2241.04 152660 154901 300
433.3 2241.04 152661 154902 300
433.4 2241.04 152660 154901 300
433.5 2241.04 152658 154899 300
433.6 2241.04 152658 154899 300
433.7 2241.04 152662 154903 300
433.8 2241.04 152659 154900 300
433.9 2241.04 152660 154901 300
434 2241.04 152661 154902 300
434.1 2241.04 152662 154903 300
434.2 2241.04 152661 154903 300
434.3 2241.04 152662 154903 300
434.4 2241.04 152663 154904 300
434.5 2241.04 152663 154905 300
434.6 2241.04 152663 154904 300
434.7 2241.04 152662 154903 300
434.8 2241.04 152662 154903 300
434.9 2241.04 152663 154905 300
435 2241.04 152663 154904 300
435.1 2241.04 152661 154902 300
435.2 2241.04 152664 154905 300
435.3 2241.04 152664 154905 300
435.4 2241.04 152663 154904 300
435.5 2241.04 152662 154903 300
435.6 2241.04 152662 154903 300
435.7 2241.04 152662 154903 300
435.8 2241.04 152663 154904 300
435.9 2241.04 152662 154903 300
436 2241.04 152663 154904 300
436.1 2241.04 152662 154903 300
436.2 2241.04 152662 154903 300
436.3 2241.04 152662 154903 300
436.4 2241.04 152661 154903 300
436.5 2241.04 152663 154904 300
436.6 2241.04 152662 154903 300
436.7 2241.04 152662 154903 300
436.8 2241.04 152662 154903 300
436.9 2241.04 152662 154903 300
437 2241.04 152660 154901 300
437.1 2241.04 152664 154905 300
437.2 2241.04 152661 154902 300
437.3 2241.04 152661 154902 300
437.4 2241.04 152661 154902 300
437.5 2241.04 152661 154902 300
437.6 2241.04 152660 154902 300
437.7 2241.04 152662 154903 300
437.8 2241.04 152661 154902 300
437.9 2241.04 152661 154902 300
438 2241.04 152660 154901 300
438.1 2241.04 152662 154903 300
438.2 2241.04 152661 154902 300
438.3 2241.04 152661 154902 300
438.4 2241.04 152661 154902 300
438.5 2241.04 152661 154902 300
438.6 2241.04 152660 154901 300
438.7 2241.04 152660 154901 300
438.8 2241.04 152662 154903 300
438.9 2241.04 152662 154903 300
439 2241.04 152662 154903 300
439.1 2241.04 152660 154901 300
439.2 2241.04 152661 154902 300
439.3 2241.04 152660 154901 300
439.4 2241.04 152661 154902 300
439.5 2241.04 152661 154902 300
439.6 2241.04 152660 154901 300
439.7 2241.04 152660 154901 300
439.8 2241.04 152661 154902 300
439.9 2241.04 152662 154903 300
440 2241.04 152662 154903 300
440.1 2241.04 152662 154903 300
440.2 2241.04 152660 154901 300
440.3 2241.04 152661 154902 300
440.4 2241.04 152662 154903 300
440.5 2241.04 152661 154902 300
440.6 2241.04 152661 154902 300
440.7 2241.04 152661 154903 300
440.8 2241.04 152661 154902 300
440.9 2241.04 152661 154902 300
441 2241.04 152661 154902 300
441.1 2241.04 152661 154902 300
441.2 2241.04 152661 154902 300
441.3 2241.04 152660 154901 300
441.4 2241.04 152661 154902 300
441.5 2241.04 152661 154902 300
441.6 2241.04 152660 154901 300
441.7 2241.04 152660 154901 300
441.8 2241.04 152661 154902 300
441.9 2241.04 152661 154902 300
442 2241.04 152660 154901 300
442.1 2241.04 152660 154901 300
442.2 2241.04 152662 154903 300
442.3 2241.04 152662 154903 300
442.4 2241.04 152661 154902 300
442.5 2241.04 152662 154903 300
442.6 2241.04 152663 154904 300
442.7 2241.04 152662 154903 300
442.8 2241.04 152662 154903 300
442.9 2241.04 152663 154904 300
443 2241.04 152664 154905 300
443.1 2241.04 152662 154903 300
443.2 2241.04 152662 154903 300
443.3 2241.04 152662 154903 300
443.4 2241.04 152663 154904 300
443.5 2241.04 152662 154903 300
443.6 2241.04 152661 154902 300
443.7 2241.04 152661 154902 300
443.8 2241.04 152661 154902 300
443.9 2241.04 152661 154902 300
444 2241.04 152661 154902 300
444.1 2241.04 152662 154903 300
444.2 2241.04 152662 154903 300
444.3 2241.04 152661 154902 300
444.4 2241.04 152660 154901 300
444.5 2241.04 152660 154901 300
444.6 2241.04 152663 154904 300
444.7 2241.04 152660 154901 300
444.8 2241.04 152661 154902 300
444.9 2241.04 152661 154903 300
445 2241.04 152661 154902 300
445.1 2241.04 152662 154903 300
445.2 2241.04 152662 154903 300
445.3 2241.04 152661 154902 300
445.4 2241.04 152662 154903 300
445.5 2241.04 152662 154903 300
445.6 2241.04 152662 154903 300
445.7 2241.04 152661 154902 300
445.8 2241.04 152663 154904 300
445.9 2241.04 152663 154904 300
446 2241.04 152664 154905 300
446.1 2241.04 152663 154904 300
446.2 2241.04 152663 154904 300
446.3 2241.04 152662 154903 300
446.4 2241.04 152662 154903 300
446.5 2241.04 152662 154903 300
446.6 2241.04 152662 154903 300
446.7 2241.04 152661 154902 300
446.8 2241.04 152661 154902 300
446.9 2241.04 152662 154903 300
447 2241.04 152662 154903 300
447.1 2241.04 152662 154903 300
447.2 2241.04 152663 154904 300
447.3 2241.04 152662 154903 300
447.4 2241.04 152661 154902 300
447.5 2241.04 152662 154903 300
447.6 2241.04 152663 154904 300
447.7 2241.04 152661 154902 300
447.8 2241.04 152661 154902 300
447.9 2241.04 152662 154904 300
448 2241.04 152661 154903 300
448.1 2241.04 152662 154903 300
448.2 2241.04 152663 154904 300
448.3 2241.04 152663 154904 300
448.4 2241.04 152663 154904 300
448.5 2241.04 152662 154904 300
448.6 2241.04 152663 154904 300
448.7 2241.04 152662 154903 300
448.8 2241.04 152663 154904 300
448.9 2241.04 152663 154905 300
449 2241.04 152663 154904 300
449.1 2241.04 152663 154904 300
449.2 2241.04 152662 154903 300
449.3 2241.04 152663 154904 300
449.4 2241.04 152661 154902 300
449.5 2241.04 152663 154904 300
449.6 2241.04 152662 154903 300
449.7 2241.04 152661 154902 300
449.8 2241.04 152662 154903 300
449.9 2241.04 152663 154904 300
450 2241.04 152661 154902 300
450.1 2241.04 152662 154903 300
450.2 2241.04 152662 154903 300
450.3 2241.04 152662 154903 300
450.4 2241.04 152661 154902 300
450.5 2241.04 152661 154903 300
450.6 2241.04 152661 154902 300
450.7 2241.04 152661 154902 300
450.8 2241.04 152660 154901 300
450.9 2241.04 152661 154902 300
451 2241.04 152661 154902 300
451.1 2241.04 152660 154901 300
451.2 2241.04 152660 154901 300
451.3 2241.04 152661 154902 300
451.4 2241.04 152661 154902 300
451.5 2241.04 152661 154902 300
451.6 2241.04 152661 154902 300
451.7 2241.04 152662 154903 300
451.8 2241.04 152662 154903 300
451.9 2241.04 152662 154903 300
452 2241.04 152662 154904 300
452.1 2241.04 152663 154904 300
452.2 2241.04 152662 154903 300
452.3 2241.04 152661 154903 300
452.4 2241.04 152662 154903 300
452.5 2241.04 152663 154904 300
452.6 2241.04 152668 154909 300
452.7 2241.04 152661 154902 300
452.8 2241.04 152662 154903 300
452.9 2241.04 152663 154904 300
453 2241.04 152663 154904 300
453.1 2241.04 152662 154903 300
453.2 2241.04 152662 154903 300
453.3 2241.04 152662 154903 300
453.4 2241.04 152662 154903 300
453.5 2241.04 152661 154902 300
453.6 2241.04 152661 154902 300
453.7 2241.04 152661 154902 300
453.8 2241.04 152661 154902 300
453.9 2241.04 152661 154902 300
454 2241.04 152661 154902 300
454.1 2241.04 152661 154902 300
454.2 2241.04 152661 154902 300
454.3 2241.04 152662 154903 300
454.4 2241.04 152661 154902 300
454.5 2241.04 152661 154902 300
454.6 2241.04 152661 154902 300
454.7 2241.04 152661 154903 300
454.8 2241.04 152662 154903 300
454.9 2241.04 152661 154902 300
455 2241.04 152664 154905 300
455.1 2241.04 152661 154902 300
455.2 2241.04 152668 154909 300
455.3 2241.04 152661 154902 300
455.4 2241.04 152660 154901 300
455.5 2241.04 152661 154902 300
455.6 2241.04 152660 154901 300
455.7 2241.04 152660 154901 300
455.8 2241.04 152660 154901 300
455.9 2241.04 152660 154902 300
456 2241.04 152661 154902 300
456.1 2241.04 152661 154902 300
456.2 2241.04 152661 154902 300
456.3 2241.04 152661 154902 300
456.4 2241.04 152661 154902 300
456.5 2241.04 152660 154902 300
456.6 2241.04 152660 154901 300
456.7 2241.04 152661 154902 300
456.8 2241.04 152659 154900 300
456.9 2241.04 152660 154901 300
457 2241.04 152660 154901 300
457.1 2241.04 152661 154902 300
457.2 2241.04 152660 154902 300
457.3 2241.04 152660 154901 300
457.4 2241.04 152660 154901 300
457.5 2241.04 152661 154902 300
457.6 2241.04 152660 154901 300
457.7 2241.04 152660 154901 300
457.8 2241.04 152661 154902 300
457.9 2241.04 152661 154902 300
458 2241.04 152662 154903 300
458.1 2241.04 152661 154902 300
458.2 2241.04 152662 154903 300
458.3 2241.04 152662 154903 300
458.4 2241.04 152663 154904 300
458.5 2241.04 152662 154903 300
458.6 2241.04 152661 154902 300
458.7 2241.04 152663 154904 300
458.8 2241.04 152662 154903 300
458.9 2241.04 152662 154903 300
459 2241.04 152663 154904 300
459.1 2241.04 152663 154904 300
459.2 2241.04 152663 154904 300
459.3 2241.04 152662 154903 300
459.4 2241.04 152661 154902 300
459.5 2241.04 152662 154903 300
459.6 2241.04 152661 154902 300
459.7 2241.04 152661 154902 300
459.8 2241.04 152661 154902 300
459.9 2241.04 152661 154902 300
460 2241.04 152660 154902 300
460.1 2241.04 152660 154901 300
460.2 2241.04 152659 154900 300
460.3 2241.04 152659 154900 300
460.4 2241.04 152659 154900 300
460.5 2241.04 152659 154900 300
460.6 2241.04 152659 154900 300
460.7 2241.04 152659 154900 300
460.8 2241.04 152660 154901 300
460.9 2241.04 152663 154904 300
461 2241.04 152660 154901 300
461.1 2241.04 152660 154902 300
461.2 2241.04 152661 154902 300
461.3 2241.04 152662 154903 300
461.4 2241.04 152662 154903 300
461.5 2241.04 152662 154903 300
461.6 2241.04 152662 154903 300
461.7 2241.04 152662 154903 300
461.8 2241.04 152662 154903 300
461.9 2241.04 152661 154902 300
462 2241.04 152661 154902 300
462.1 2241.04 152661 154902 300
462.2 2241.04 152662 154903 300
462.3 2241.04 152661 154902 300
462.4 2241.04 152661 154902 300
462.5 2241.04 152662 154903 300
462.6 2241.04 152661 154902 300
462.7 2241.04 152661 154902 300
462.8 2241.04 152660 154901 300
462.9 2241.04 152662 154903 300
463 2241.04 152660 154901 300
463.1 2241.04 152661 154902 300
463.2 2241.04 152661 154902 300
463.3 2241.04 152660 154901 300
463.4 2241.04 152662 154903 300
463.5 2241.04 152660 154901 300
463.6 2241.04 152659 154900 300
463.7 2241.04 152660 154902 300
463.8 2241.04 152660 154901 300
463.9 2241.04 152660 154901 300
464 2241.04 152660 154901 300
464.1 2241.04 152660 154901 300
464.2 2241.04 152660 154901 300
464.3 2241.04 152660 154901 300
464.4 2241.04 152661 154902 300
464.5 2241.04 152661 154902 300
464.6 2241.04 152661 154902 300
464.7 2241.04 152662 154903 300
464.8 2241.04 152662 154903 300
464.9 2241.04 152660 154901 300
465 2241.04 152661 154902 300
465.1 2241.04 152661 154902 300
465.2 2241.04 152661 154902 300
465.3 2241.04 152661 154902 300
465.4 2241.04 152661 154902 300
465.5 2241.04 152660 154901 300
465.6 2241.04 152660 154902 300
465.7 2241.04 152660 154901 300
465.8 2241.04 152660 154901 300
465.9 2241.04 152666 154907 300
466 2241.04 152659 154900 300
466.1 2241.04 152660 154901 300
466.2 2241.04 152660 154901 300
466.3 2241.04 152660 154902 300
466.4 2241.04 152661 154902 300
466.5 2241.04 152660 154901 300
466.6 2241.04 152660 154901 300
466.7 2241.04 152660 154901 300
466.8 2241.04 152660 154901 300
466.9 2241.04 152660 154901 300
467 2241.04 152660 154901 300
467.1 2241.04 152660 154901 300
467.2 2241.04 152660 154901 300
467.3 2241.04 152660 154901 300
467.4 2241.04 152661 154902 300
467.5 2241.04 152660 154901 300
467.6 2241.04 152661 154902 300
467.7 2241.04 152661 154902 300
467.8 2241.04 152660 154901 300
467.9 2241.04 152660 154901 300
468 2241.04 152661 154902 300
468.1 2241.04 152661 154902 300
468.2 2241.04 152660 154901 300
468.3 2241.04 152660 154901 300
468.4 2241.04 152660 154901 300
468.5 2241.04 152659 154900 300
468.6 2241.04 152660 154901 300
468.7 2241.04 152661 154902 300
468.8 2241.04 152661 154902 300
468.9 2241.04 152661 154902 300
469 2241.04 152661 154902 300
469.1 2241.04 152661 154902 300
469.2 2241.04 152661 154902 300
469.3 2241.04 152660 154901 300
469.4 2241.04 152662 154903 300
469.5 2241.04 152660 154901 300
469.6 2241.04 152660 154901 300
469.7 2241.04 152660 154901 300
469.8 2241.04 152659 154900 300
469.9 2241.04 152660 154902 300
470 2241.04 152660 154901 300
470.1 2241.04 152659 154900 300
470.2 2241.04 152660 154901 300
470.3 2241.04 152661 154902 300
470.4 2241.04 152661 154902 300
470.5 2241.04 152661 154902 300
470.6 2241.04 152661 154902 300
470.7 2241.04 152661 154902 300
470.8 2241.04 152661 154902 300
470.9 2241.04 152660 154901 300
471 2241.04 152662 154903 300
471.1 2241.04 152660 154901 300
471.2 2241.04 152660 154901 300
471.3 2241.04 152660 154901 300
471.4 2241.04 152660 154901 300
471.5 2241.04 152660 154901 300
471.6 2241.04 152659 154900 300
471.7 2241.04 152660 154901 300
471.8 2241.04 152660 154901 300
471.9 2241.04 152660 154901 300
472 2241.04 152660 154901 300
472.1 2241.04 152660 154901 300
472.2 2241.04 152660 154901 300
472.3 2241.04 152660 154901 300
472.4 2241.04 152659 154900 300
472.5 2241.04 152659 154900 300
472.6 2241.04 152659 154900 300
472.7 2241.04 152660 154901 300
472.8 2241.04 152659 154900 300
472.9 2241.04 152659 154900 300
473 2241.04 152659 154901 300
473.1 2241.04 152660 154901 300
473.2 2241.04 152660 154901 300
473.3 2241.04 152660 154901 300
473.4 2241.04 152660 154901 300
473.5 2241.04 152660 154901 300
473.6 2241.04 152659 154901 300
473.7 2241.04 152659 154900 300
473.8 2241.04 152660 154901 300
473.9 2241.04 152659 154900 300
474 2241.04 152659 154900 300
474.1 2241.04 152659 154900 300
474.2 2241.04 152659 154901 300
474.3 2241.04 152659 154900 300
474.4 2241.04 152659 154900 300
474.5 2241.04 152659 154900 300
474.6 2241.04 152659 154900 300
474.7 2241.04 152659 154900 300
474.8 2241.04 152660 154901 300
474.9 2241.04 152658 154899 300
475 2241.04 152659 154900 300
475.1 2241.04 152658 154899 300
475.2 2241.04 152659 154900 300
475.3 2241.04 152659 154900 300
475.4 2241.04 152659 154900 300
475.5 2241.04 152660 154901 300
475.6 2241.04 152660 154901 300
475.7 2241.04 152661 154902 300
475.8 2241.04 152661 154902 300
475.9 2241.04 152661 154902 300
476 2241.04 152661 154902 300
476.1 2241.04 152661 154902 300
476.2 2241.04 152661 154902 300
476.3 2241.04 152660 154901 300
476.4 2241.04 152660 154901 300
476.5 2241.04 152661 154902 300
476.6 2241.04 152661 154902 300
476.7 2241.04 152661 154902 300
476.8 2241.04 152661 154902 300
476.9 2241.04 152661 154902 300
477 2241.04 152661 154902 300
477.1 2241.04 152661 154902 300
477.2 2241.04 152661 154902 300
477.3 2241.04 152661 154902 300
477.4 2241.04 152661 154902 300
477.5 2241.04 152660 154901 300
477.6 2241.04 152660 154901 300
477.7 2241.04 152660 154901 300
477.8 2241.04 152661 154902 300
477.9 2241.04 152659 154900 300
478 2241.04 152660 154901 300
478.1 2241.04 152660 154901 300
478.2 2241.04 152661 154902 300
478.3 2241.04 152661 154902 300
478.4 2241.04 152661 154902 300
478.5 2241.04 152661 154902 300
478.6 2241.04 152661 154902 300
478.7 2241.04 152662 154903 300
478.8 2241.04 152662 154903 300
478.9 2241.04 152662 154903 300
479 2241.04 152661 154902 300
479.1 2241.04 152661 154902 300
479.2 2241.04 152661 154902 300
479.3 2241.04 152661 154902 300
479.4 2241.04 152661 154902 300
479.5 2241.04 152661 154902 300
479.6 2241.04 152661 154902 300
479.7 2241.04 152661 154902 300
479.8 2241.04 152660 154901 300
479.9 2241.04 152660 154901 300
480 2241.04 152660 154901 300
480.1 2241.04 152660 154901 300
480.2 2241.04 152659 154900 300
480.3 2241.04 152660 154901 300
480.4 2241.04 152659 154900 300
480.5 2241.04 152658 154899 300
480.6 2241.04 152658 154899 300
480.7 2241.04 152658 154899 300
480.8 2241.04 152658 154899 300
480.9 2241.04 152658 154899 300
481 2241.04 152659 154900 300
481.1 2241.04 152659 154900 300
481.2 2241.04 152659 154900 300
481.3 2241.04 152659 154900 300
481.4 2241.04 152660 154901 300
481.5 2241.04 152660 154901 300
481.6 2241.04 152661 154902 300
481.7 2241.04 152661 154902 300
481.8 2241.04 152663 154904 300
481.9 2241.04 152660 154901 300
482 2241.04 152660 154901 300
482.1 2241.04 152659 154900 300
482.2 2241.04 152660 154901 300
482.3 2241.04 152661 154902 300
482.4 2241.04 152661 154902 300
482.5 2241.04 152661 154902 300
482.6 2241.04 152661 154902 300
482.7 2241.04 152663 154904 300
482.8 2241.04 152661 154902 300
482.9 2241.04 152661 154902 300
483 2241.04 152661 154902 300
483.1 2241.04 152661 154902 300
483.2 2241.04 152660 154901 300
483.3 2241.04 152660 154901 300
483.4 2241.04 152660 154901 300
483.5 2241.04 152661 154902 300
483.6 2241.04 152661 154902 300
483.7 2241.04 152661 154902 300
483.8 2241.04 152661 154902 300
483.9 2241.04 152661 154902 300
484 2241.04 152661 154902 300
484.1 2241.04 152661 154902 300
484.2 2241.04 152661 154902 300
484.3 2241.04 152661 154902 300
484.4 2241.04 152661 154902 300
484.5 2241.04 152660 154901 300
484.6 2241.04 152661 154902 300
484.7 2241.04 152660 154901 300
484.8 2241.04 152661 154902 300
484.9 2241.04 152659 154900 300
485 2241.04 152660 154901 300
485.1 2241.04 152660 154901 300
485.2 2241.04 152660 154901 300
485.3 2241.04 152660 154901 300
485.4 2241.04 152660 154901 300
485.5 2241.04 152661 154902 300
485.6 2241.04 152661 154902 300
485.7 2241.04 152661 154902 300
485.8 2241.04 152661 154902 300
485.9 2241.04 152662 154903 300
486 2241.04 152662 154903 300
486.1 2241.04 152662 154903 300
486.2 2241.04 152662 154903 300
486.3 2241.04 152661 154902 300
486.4 2241.04 152661 154902 300
486.5 2241.04 152662 154903 300
486.6 2241.04 152661 154903 300
486.7 2241.04 152661 154902 300
486.8 2241.04 152661 154902 300
486.9 2241.04 152661 154902 300
487 2241.04 152661 154902 300
487.1 2241.04 152661 154902 300
487.2 2241.04 152661 154902 300
487.3 2241.04 152660 154902 300
487.4 2241.04 152660 154901 300
487.5 2241.04 152661 154902 300
487.6 2241.04 152660 154901 300
487.7 2241.04 152659 154900 300
487.8 2241.04 152660 154901 300
487.9 2241.04 152660 154901 300
488 2241.04 152661 154902 300
488.1 2241.04 152660 154901 300
488.2 2241.04 152660 154901 300
488.3 2241.04 152660 154901 300
488.4 2241.04 152660 154901 300
488.5 2241.04 152660 154901 300
488.6 2241.04 152660 154901 300
488.7 2241.04 152660 154901 300
488.8 2241.04 152659 154900 300
488.9 2241.04 152660 154901 300
489 2241.04 152660 154901 300
489.1 2241.04 152660 154901 300
489.2 2241.04 152660 154901 300
489.3 2241.04 152660 154901 300
489.4 2241.04 152660 154901 300
489.5 2241.04 152659 154900 300
489.6 2241.04 152660 154901 300
489.7 2241.04 152659 154900 300
489.8 2241.04 152659 154900 300
489.9 2241.04 152659 154900 300
490 2241.04 152659 154900 300
490.1 2241.04 152660 154901 300
490.2 2241.04 152660 154901 300
490.3 2241.04 152660 154901 300
490.4 2241.04 152660 154901 300
490.5 2241.04 152660 154901 300
490.6 2241.04 152660 154901 300
490.7 2241.04 152661 154902 300
490.8 2241.04 152661 154902 300
490.9 2241.04 152661 154902 300
491 2241.04 152661 154902 300
491.1 2241.04 152662 154903 300
491.2 2241.04 152662 154903 300
491.3 2241.04 152662 154903 300
491.4 2241.04 152662 154903 300
491.5 2241.04 152661 154902 300
491.6 2241.04 152661 154902 300
491.7 2241.04 152661 154902 300
491.8 2241.04 152661 154903 300
491.9 2241.04 152661 154902 300
492 2241.04 152670 154911 300
492.1 2241.04 152661 154902 300
492.2 2241.04 152660 154902 300
492.3 2241.04 152661 154902 300
492.4 2241.04 152660 154901 300
492.5 2241.04 152660 154901 300
492.6 2241.04 152660 154901 300
492.7 2241.04 152660 154901 300
492.8 2241.04 152660 154902 300
492.9 2241.04 152660 154901 300
493 2241.04 152660 154901 300
493.1 2241.04 152660 154901 300
493.2 2241.04 152660 154901 300
493.3 2241.04 152659 154901 300
493.4 2241.04 152660 154901 300
493.5 2241.04 152678 154919 300
493.6 2241.04 152659 154900 300
493.7 2241.04 152660 154901 300
493.8 2241.04 152660 154901 300
493.9 2241.04 152661 154902 300
494 2241.04 152661 154902 300
494.1 2241.04 152661 154902 300
494.2 2241.04 152661 154902 300
494.3 2241.04 152661 154902 300
494.4 2241.04 152660 154902 300
494.5 2241.04 152665 154906 300
494.6 2241.04 152660 154901 300
494.7 2241.04 152660 154901 300
494.8 2241.04 152660 154901 300
494.9 2241.04 152660 154901 300
495 2241.04 152661 154902 300
495.1 2241.04 152660 154901 300
495.2 2241.04 152660 154901 300
495.3 2241.04 152660 154901 300
495.4 2241.04 152660 154901 300
495.5 2241.04 152661 154902 300
495.6 2241.04 152659 154900 300
495.7 2241.04 152660 154901 300
495.8 2241.04 152660 154901 300
495.9 2241.04 152660 154901 300
496 2241.04 152660 154901 300
496.1 2241.04 152660 154901 300
496.2 2241.04 152660 154901 300
496.3 2241.04 152660 154901 300
496.4 2241.04 152660 154901 300
496.5 2241.04 152660 154901 300
496.6 2241.04 152659 154900 300
496.7 2241.04 152659 154900 300
496.8 2241.04 152659 154900 300
496.9 2241.04 152659 154900 300
497 2241.04 152659 154900 300
497.1 2241.04 152659 154900 300
497.2 2241.04 152658 154899 300
497.3 2241.04 152658 154900 300
497.4 2241.04 152658 154899 300
497.5 2241.04 152659 154900 300
497.6 2241.04 152659 154900 300
497.7 2241.04 152659 154900 300
497.8 2241.04 152659 154900 300
497.9 2241.04 152659 154900 300
498 2241.04 152659 154900 300
498.1 2241.04 152660 154901 300
498.2 2241.04 152659 154900 300
498.3 2241.04 152659 154900 300
498.4 2241.04 152659 154900 300
498.5 2241.04 152659 154900 300
498.6 2241.04 152659 154900 300
498.7 2241.04 152659 154900 300
498.8 2241.04 152659 154900 300
498.9 2241.04 152659 154900 300
499 2241.04 152659 154900 300
499.1 2241.04 152659 154900 300
499.2 2241.04 152659 154900 300
499.3 2241.04 152659 154900 300
499.4 2241.04 152659 154900 300
499.5 2241.04 152659 154900 300
499.6 2241.04 152658 154899 300
499.7 2241.04 152740 154981 300
499.8 2241.04 152658 154899 300
499.9 2241.04 152658 154899 300
500 2241.04 152658 154899 300
500.1 2241.04 152658 154899 300
500.2 2241.04 152657 154898 300
500.3 2241.04 152659 154900 300
500.4 2241.04 152658 154899 300
500.5 2241.04 152658 154899 300
500.6 2241.04 152659 154900 300
500.7 2241.04 152659 154900 300
500.8 2241.04 152659 154900 300
500.9 2241.04 152659 154900 300
501 2241.04 152659 154900 300
501.1 2241.04 152660 154901 300
501.2 2241.04 152660 154901 300
501.3 2241.04 152660 154901 300
501.4 2241.04 152660 154901 300
501.5 2241.04 152659 154900 300
501.6 2241.04 152660 154901 300
501.7 2241.04 152659 154900 300
501.8 2241.04 152660 154901 300
501.9 2241.04 152660 154901 300
502 2241.04 152659 154900 300
502.1 2241.04 152659 154900 300
502.2 2241.04 152658 154900 300
502.3 2241.04 152658 154899 300
502.4 2241.04 152659 154900 300
502.5 2241.04 152659 154900 300
502.6 2241.04 152659 154900 300
502.7 2241.04 152659 154900 300
502.8 2241.04 152659 154900 300
502.9 2241.04 152659 154900 300
503 2241.04 152659 154900 300
503.1 2241.04 152659 154900 300
503.2 2241.04 152659 154900 300
503.3 2241.04 152678 154919 300
503.4 2241.04 152660 154901 300
503.5 2241.04 152660 154901 300
503.6 2241.04 152659 154900 300
503.7 2241.04 152659 154900 300
503.8 2241.04 152659 154900 300
503.9 2241.04 152659 154900 300
504 2241.04 152659 154900 300
504.1 2241.04 152659 154900 300
504.2 2241.04 152659 154900 300
504.3 2241.04 152658 154899 300
504.4 2241.04 152658 154899 300
504.5 2241.04 152659 154900 300
504.6 2241.04 152659 154900 300
504.7 2241.04 152659 154900 300
504.8 2241.04 152660 154901 300
504.9 2241.04 152660 154901 300
505 2241.04 152660 154901 300
505.1 2241.04 152660 154901 300
505.2 2241.04 152659 154900 300
505.3 2241.04 152659 154900 300
505.4 2241.04 152660 154901 300
505.5 2241.04 152659 154900 300
505.6 2241.04 152659 154900 300
505.7 2241.04 152659 154900 300
505.8 2241.04 152659 154900 300
505.9 2241.04 152660 154901 300
506 2241.04 152659 154900 300
506.1 2241.04 152659 154900 300
506.2 2241.04 152659 154900 300
506.3 2241.04 152659 154900 300
506.4 2241.04 152658 154899 300
506.5 2241.04 152658 154899 300
506.6 2241.04 152659 154900 300
506.7 2241.04 152659 154900 300
506.8 2241.04 152658 154899 300
506.9 2241.04 152659 154900 300
507 2241.04 152658 154899 300
507.1 2241.04 152659 154900 300
507.2 2241.04 152660 154901 300
507.3 2241.04 152659 154900 300
507.4 2241.04 152659 154900 300
507.5 2241.04 152659 154900 300
507.6 2241.04 152660 154901 300
507.7 2241.04 152659 154900 300
507.8 2241.04 152659 154900 300
507.9 2241.04 152660 154901 300
508 2241.04 152659 154901 300
508.1 2241.04 152659 154900 300
508.2 2241.04 152659 154900 300
508.3 2241.04 152659 154900 300
508.4 2241.04 152659 154900 300
508.5 2241.04 152659 154900 300
508.6 2241.04 152659 154900 300
508.7 2241.04 152659 154900 300
508.8 2241.04 152674 154915 300
508.9 2241.04 152661 154902 300
509 2241.04 152658 154899 300
509.1 2241.04 152659 154900 300
509.2 2241.04 152658 154899 300
509.3 2241.04 152658 154899 300
509.4 2241.04 152657 154898 300
509.5 2241.04 152656 154898 300
509.6 2241.04 152657 154898 300
509.7 2241.04 152657 154898 300
509.8 2241.04 152656 154897 300
509.9 2241.04 152658 154899 300
510 2241.04 152657 154898 300
510.1 2241.04 152658 154899 300
510.2 2241.04 152659 154900 300
510.3 2241.04 152659 154900 300
510.4 2241.04 152658 154899 300
510.5 2241.04 152658 154899 300
510.6 2241.04 152658 154899 300
510.7 2241.04 152660 154901 300
510.8 2241.04 152658 154899 300
510.9 2241.04 152658 154899 300
511 2241.04 152660 154901 300
511.1 2241.04 152658 154899 300
511.2 2241.04 152660 154901 300
511.3 2241.04 152659 154900 300
511.4 2241.04 152659 154900 300
511.5 2241.04 152658 154899 300
511.6 2241.04 152659 154900 300
511.7 2241.04 152659 154900 300
511.8 2241.04 152659 154900 300
511.9 2241.04 152659 154900 300
512 2241.04 152659 154900 300
512.1 2241.04 152659 154900 300
512.2 2241.04 152658 154899 300
512.3 2241.04 152659 154900 300
512.4 2241.04 152659 154900 300
512.5 2241.04 152658 154900 300
512.6 2241.04 152659 154900 300
512.7 2241.04 152659 154900 300
512.8 2241.04 152659 154900 300
512.9 2241.04 152659 154900 300
513 2241.04 152659 154900 300
513.1 2241.04 152661 154903 300
513.2 2241.04 152659 154901 300
513.3 2241.04 152659 154900 300
513.4 2241.04 152659 154900 300
513.5 2241.04 152658 154899 300
513.6 2241.04 152659 154900 300
513.7 2241.04 152658 154899 300
513.8 2241.04 152659 154900 300
513.9 2241.04 152658 154899 300
514 2241.04 152659 154900 300
514.1 2241.04 152659 154900 300
514.2 2241.04 152659 154900 300
514.3 2241.04 152659 154900 300
514.4 2241.04 152659 154900 300
514.5 2241.04 152658 154899 300
514.6 2241.04 152658 154899 300
514.7 2241.04 152657 154898 300
514.8 2241.04 152660 154901 300
514.9 2241.04 152658 154899 300
515 2241.04 152658 154899 300
515.1 2241.04 152658 154899 300
515.2 2241.04 152659 154900 300
515.3 2241.04 152659 154900 300
515.4 2241.04 152659 154900 300
515.5 2241.04 152659 154900 300
515.6 2241.04 152659 154900 300
515.7 2241.04 152659 154900 300
515.8 2241.04 152658 154899 300
515.9 2241.04 152682 154923 300
516 2241.04 152658 154899 300
516.1 2241.04 152659 154900 300
516.2 2241.04 152658 154900 300
516.3 2241.04 152659 154900 300
516.4 2241.04 152659 154900 300
516.5 2241.04 152659 154900 300
516.6 2241.04 152659 154900 300
516.7 2241.04 152659 154900 300
516.8 2241.04 152659 154900 300
516.9 2241.04 152659 154900 300
517 2241.04 152659 154900 300
517.1 2241.04 152659 154900 300
517.2 2241.04 152659 154900 300
517.3 2241.04 152659 154900 300
517.4 2241.04 152658 154899 300
517.5 2241.04 152660 154901 300
517.6 2241.04 152659 154900 300
517.7 2241.04 152659 154900 300
517.8 2241.04 152659 154900 300
517.9 2241.04 152659 154900 300
518 2241.04 152659 154900 300
518.1 2241.04 152659 154900 300
518.2 2241.04 152659 154900 300
518.3 2241.04 152660 154901 300
518.4 2241.04 152659 154900 300
518.5 2241.04 152660 154901 300
518.6 2241.04 152660 154901 300
518.7 2241.04 152660 154901 300
518.8 2241.04 152659 154900 300
518.9 2241.04 152659 154900 300
519 2241.04 152659 154900 300
519.1 2241.04 152659 154900 300
519.2 2241.04 152659 154900 300
519.3 2241.04 152659 154900 300
519.4 2241.04 152659 154900 300
519.5 2241.04 152659 154900 300
519.6 2241.04 152659 154900 300
519.7 2241.04 152664 154905 300
519.8 2241.04 152658 154900 300
519.9 2241.04 152658 154900 300
520 2241.04 152658 154899 300
520.1 2241.04 152657 154898 300
520.2 2241.04 152657 154898 300
520.3 2241.04 152658 154899 300
520.4 2241.04 152658 154899 300
520.5 2241.04 152658 154899 300
520.6 2241.04 152659 154900 300
520.7 2241.04 152658 154899 300
520.8 2241.04 152659 154900 300
520.9 2241.04 152657 154898 300
521 2241.04 152658 154899 300
521.1 2241.04 152658 154899 300
521.2 2241.04 152657 154898 300
521.3 2241.04 152657 154898 300
521.4 2241.04 152658 154899 300
521.5 2241.04 152659 154900 300
521.6 2241.04 152659 154900 300
521.7 2241.04 152659 154900 300
521.8 2241.04 152659 154900 300
521.9 2241.04 152659 154900 300
522 2241.04 152659 154900 300
522.1 2241.04 152658 154899 300
522.2 2241.04 152659 154900 300
522.3 2241.04 152659 154900 300
522.4 2241.04 152659 154900 300
522.5 2241.04 152659 154900 300
522.6 2241.04 152660 154901 300
522.7 2241.04 152660 154901 300
522.8 2241.04 152660 154901 300
522.9 2241.04 152660 154901 300
523 2241.04 152659 154900 300
523.1 2241.04 152659 154900 300
523.2 2241.04 152660 154901 300
523.3 2241.04 152660 154901 300
523.4 2241.04 152659 154900 300
523.5 2241.04 152659 154900 300
523.6 2241.04 152659 154900 300
523.7 2241.04 152659 154900 300
523.8 2241.04 152659 154900 300
523.9 2241.04 152659 154900 300
524 2241.04 152658 154900 300
524.1 2241.04 152658 154899 300
524.2 2241.04 152659 154900 300
524.3 2241.04 152659 154900 300
524.4 2241.04 152659 154900 300
524.5 2241.04 152659 154900 300
524.6 2241.04 152659 154900 300
524.7 2241.04 152659 154900 300
524.8 2241.04 152659 154900 300
524.9 2241.04 152659 154900 300
525 2241.04 152659 154900 300
525.1 2241.04 152659 154900 300
525.2 2241.04 152659 154900 300
525.3 2241.04 152660 154901 300
525.4 2241.04 152659 154900 300
525.5 2241.04 152659 154901 300
525.6 2241.04 152659 154900 300
525.7 2241.04 152660 154901 300
525.8 2241.04 152659 154900 300
525.9 2241.04 152659 154900 300
526 2241.04 152659 154900 300
526.1 2241.04 152659 154900 300
526.2 2241.04 152659 154900 300
526.3 2241.04 152659 154900 300
526.4 2241.04 152659 154900 300
526.5 2241.04 152659 154900 300
526.6 2241.04 152660 154901 300
526.7 2241.04 152659 154900 300
526.8 2241.04 152658 154899 300
526.9 2241.04 152665 154906 300
527 2241.04 152659 154900 300
527.1 2241.04 152659 154900 300
527.2 2241.04 152659 154900 300
527.3 2241.04 152659 154900 300
527.4 2241.04 152658 154899 300
527.5 2241.04 152659 154900 300
527.6 2241.04 152658 154899 300
527.7 2241.04 152658 154899 300
527.8 2241.04 152659 154900 300
527.9 2241.04 152659 154900 300
528 2241.04 152658 154899 300
528.1 2241.04 152658 154899 300
528.2 2241.04 152658 154899 300
528.3 2241.04 152658 154899 300
528.4 2241.04 152658 154900 300
528.5 2241.04 152659 154900 300
528.6 2241.04 152658 154899 300
528.7 2241.04 152659 154900 300
528.8 2241.04 152659 154900 300
528.9 2241.04 152659 154900 300
529 2241.04 152659 154900 300
529.1 2241.04 152659 154900 300
529.2 2241.04 152659 154900 300
529.3 2241.04 152659 154900 300
529.4 2241.04 152659 154900 300
529.5 2241.04 152659 154900 300
529.6 2241.04 152659 154900 300
529.7 2241.04 152659 154900 300
529.8 2241.04 152659 154900 300
529.9 2241.04 152659 154900 300
530 2241.04 152659 154900 300
530.1 2241.04 152659 154900 300
530.2 2241.04 152659 154900 300
530.3 2241.04 152659 154900 300
530.4 2241.04 152659 154900 300
530.5 2241.04 152659 154900 300
530.6 2241.04 152659 154900 300
530.7 2241.04 152658 154899 300
530.8 2241.04 152658 154899 300
530.9 2241.04 152659 154900 300
531 2241.04 152658 154899 300
531.1 2241.04 152658 154899 300
531.2 2241.04 152658 154899 300
531.3 2241.04 152657 154899 300
531.4 2241.04 152658 154899 300
531.5 2241.04 152658 154899 300
531.6 2241.04 152658 154899 300
531.7 2241.04 152657 154898 300
531.8 2241.04 152658 154899 300
531.9 2241.04 152657 154898 300
532 2241.04 152657 154898 300
532.1 2241.04 152658 154899 300
532.2 2241.04 152658 154899 300
532.3 2241.04 152658 154899 300
532.4 2241.04 152658 154899 300
532.5 2241.04 152658 154899 300
532.6 2241.04 152659 154900 300
532.7 2241.04 152658 154899 300
532.8 2241.04 152660 154901 300
532.9 2241.04 152658 154899 300
533 2241.04 152658 154899 300
533.1 2241.04 152659 154900 300
533.2 2241.04 152658 154899 300
533.3 2241.04 152658 154899 300
533.4 2241.04 152658 154899 300
533.5 2241.04 152659 154900 300
533.6 2241.04 152659 154900 300
533.7 2241.04 152659 154900 300
533.8 2241.04 152659 154900 300
533.9 2241.04 152659 154900 300
534 2241.04 152658 154899 300
534.1 2241.04 152658 154899 300
534.2 2241.04 152659 154900 300
534.3 2241.04 152658 154900 300
534.4 2241.04 152658 154899 300
534.5 2241.04 152658 154899 300
534.6 2241.04 152659 154900 300
534.7 2241.04 152659 154900 300
534.8 2241.04 152658 154899 300
534.9 2241.04 152661 154902 300
535 2241.04 152658 154899 300
535.1 2241.04 152659 154900 300
535.2 2241.04 152659 154900 300
535.3 2241.04 152659 154900 300
535.4 2241.04 152659 154900 300
535.5 2241.04 152659 154900 300
535.6 2241.04 152659 154900 300
535.7 2241.04 152658 154899 300
535.8 2241.04 152660 154901 300
535.9 2241.04 152658 154899 300
536 2241.04 152658 154899 300
536.1 2241.04 152659 154900 300
536.2 2241.04 152659 154900 300
536.3 2241.04 152659 154900 300
536.4 2241.04 152659 154900 300
536.5 2241.04 152659 154900 300
536.6 2241.04 152658 154900 300
536.7 2241.04 152659 154900 300
536.8 2241.04 152658 154899 300
536.9 2241.04 152658 154899 300
537 2241.04 152658 154899 300
537.1 2241.04 152658 154899 300
537.2 2241.04 152658 154899 300
537.3 2241.04 152658 154899 300
537.4 2241.04 152657 154898 300
537.5 2241.04 152656 154897 300
537.6 2241.04 152668 154909 300
537.7 2241.04 152656 154897 300
537.8 2241.04 152657 154898 300
537.9 2241.04 152658 154899 300
538 2241.04 152657 154898 300
538.1 2241.04 152658 154899 300
538.2 2241.04 152659 154900 300
538.3 2241.04 152659 154900 300
538.4 2241.04 152659 154900 300
538.5 2241.04 152658 154899 300
538.6 2241.04 152658 154899 300
538.7 2241.04 152658 154899 300
538.8 2241.04 152658 154899 300
538.9 2241.04 152658 154899 300
539 2241.04 152659 154900 300
539.1 2241.04 152659 154900 300
539.2 2241.04 152658 154899 300
539.3 2241.04 152658 154899 300
539.4 2241.04 152658 154899 300
539.5 2241.04 152658 154899 300
539.6 2241.04 152657 154898 300
539.7 2241.04 152657 154898 300
539.8 2241.04 152657 154898 300
539.9 2241.04 152657 154898 300
540 2241.04 152658 154899 300
540.1 2241.04 152659 154900 300
540.2 2241.04 152659 154900 300
540.3 2241.04 152659 154900 300
540.4 2241.04 152659 154900 300
540.5 2241.04 152659 154900 300
540.6 2241.04 152659 154900 300
540.7 2241.04 152660 154901 300
540.8 2241.04 152659 154900 300
540.9 2241.04 152674 154915 300
541 2241.04 152659 154900 300
541.1 2241.04 152659 154900 300
541.2 2241.04 152659 154900 300
541.3 2241.04 152658 154899 300
541.4 2241.04 152659 154900 300
541.5 2241.04 152659 154900 300
541.6 2241.04 152659 154900 300
541.7 2241.04 152659 154900 300
541.8 2241.04 152659 154900 300
541.9 2241.04 152659 154900 300
542 2241.04 152659 154900 300
542.1 2241.04 152659 154900 300
542.2 2241.04 152659 154900 300
542.3 2241.04 152658 154899 300
542.4 2241.04 152658 154899 300
542.5 2241.04 152658 154899 300
542.6 2241.04 152658 154899 300
542.7 2241.04 152659 154900 300
542.8 2241.04 152659 154900 300
542.9 2241.04 152659 154900 300
543 2241.04 152659 154900 300
543.1 2241.04 152660 154901 300
543.2 2241.04 152660 154901 300
543.3 2241.04 152659 154900 300
543.4 2241.04 152659 154900 300
543.5 2241.04 152659 154900 300
543.6 2241.04 152659 154900 300
543.7 2241.04 152660 154901 300
543.8 2241.04 152659 154900 300
543.9 2241.04 152659 154900 300
544 2241.04 152659 154900 300
544.1 2241.04 152659 154900 300
544.2 2241.04 152660 154901 300
544.3 2241.04 152659 154900 300
544.4 2241.04 152659 154900 300
544.5 2241.04 152659 154900 300
544.6 2241.04 152659 154900 300
544.7 2241.04 152658 154899 300
544.8 2241.04 152659 154900 300
544.9 2241.04 152659 154900 300
545 2241.04 152659 154900 300
545.1 2241.04 152659 154900 300
545.2 2241.04 152659 154900 300
545.3 2241.04 152659 154900 300
545.4 2241.04 152658 154899 300
545.5 2241.04 152659 154900 300
545.6 2241.04 152659 154900 300
545.7 2241.04 152659 154900 300
545.8 2241.04 152659 154900 300
545.9 2241.04 152659 154900 300
546 2241.04 152659 154900 300
546.1 2241.04 152659 154900 300
546.2 2241.04 152659 154900 300
546.3 2241.04 152659 154900 300
546.4 2241.04 152659 154900 300
546.5 2241.04 152659 154900 300
546.6 2241.04 152659 154900 300
546.7 2241.04 152659 154900 300
546.8 2241.04 152661 154902 300
546.9 2241.04 152659 154900 300
547 2241.04 152660 154901 300
547.1 2241.04 152660 154901 300
547.2 2241.04 152660 154901 300
547.3 2241.04 152660 154901 300
547.4 2241.04 152660 154901 300
547.5 2241.04 152659 154900 300
547.6 2241.04 152660 154901 300
547.7 2241.04 152660 154901 300
547.8 2241.04 152659 154900 300
547.9 2241.04 152661 154902 300
548 2241.04 152659 154900 300
548.1 2241.04 152660 154901 300
548.2 2241.04 152660 154901 300
548.3 2241.04 152660 154901 300
548.4 2241.04 152659 154900 300
548.5 2241.04 152659 154900 300
548.6 2241.04 152659 154900 300
548.7 2241.04 152658 154899 300
548.8 2241.04 152663 154904 300
548.9 2241.04 152658 154899 300
549 2241.04 152659 154900 300
549.1 2241.04 152658 154899 300
549.2 2241.04 152658 154899 300
549.3 2241.04 152657 154898 300
549.4 2241.04 152657 154898 300
549.5 2241.04 152659 154900 300
549.6 2241.04 152658 154899 300
549.7 2241.04 152658 154899 300
549.8 2241.04 152658 154899 300
549.9 2241.04 152659 154900 300
550 2241.04 152659 154900 300
550.1 2241.04 152659 154900 300
550.2 2241.04 152660 154901 300
550.3 2241.04 152659 154900 300
550.4 2241.04 152659 154900 300
550.5 2241.04 152659 154900 300
550.6 2241.04 152659 154900 300
550.7 2241.04 152659 154900 300
550.8 2241.04 152659 154900 300
550.9 2241.04 152659 154900 300
551 2241.04 152660 154901 300
551.1 2241.04 152660 154901 300
551.2 2241.04 152659 154900 300
551.3 2241.04 152659 154900 300
551.4 2241.04 152659 154900 300
551.5 2241.04 152659 154900 300
551.6 2241.04 152659 154900 300
551.7 2241.04 152659 154900 300
551.8 2241.04 152659 154900 300
551.9 2241.04 152659 154900 300
552 2241.04 152659 154900 300
552.1 2241.04 152659 154900 300
552.2 2241.04 152659 154900 300
552.3 2241.04 152659 154900 300
552.4 2241.04 152661 154902 300
552.5 2241.04 152659 154900 300
552.6 2241.04 152659 154900 300
552.7 2241.04 152659 154900 300
552.8 2241.04 152659 154900 300
552.9 2241.04 152659 154900 300
553 2241.04 152659 154900 300
553.1 2241.04 152660 154901 300
553.2 2241.04 152659 154901 300
553.3 2241.04 152660 154901 300
553.4 2241.04 152659 154900 300
553.5 2241.04 152660 154901 300
553.6 2241.04 152659 154900 300
553.7 2241.04 152659 154900 300
553.8 2241.04 152659 154900 300
553.9 2241.04 152659 154900 300
554 2241.04 152659 154900 300
554.1 2241.04 152659 154900 300
554.2 2241.04 152658 154899 300
554.3 2241.04 152658 154899 300
554.4 2241.04 152658 154899 300
554.5 2241.04 152659 154900 300
554.6 2241.04 152659 154900 300
554.7 2241.04 152659 154900 300
554.8 2241.04 152659 154900 300
554.9 2241.04 152661 154902 300
555 2241.04 152659 154900 300
555.1 2241.04 152659 154900 300
555.2 2241.04 152659 154900 300
555.3 2241.04 152659 154901 300
555.4 2241.04 152660 154901 300
555.5 2241.04 152659 154900 300
555.6 2241.04 152659 154900 300
555.7 2241.04 152659 154900 300
555.8 2241.04 152658 154899 300
555.9 2241.04 152661 154902 300
556 2241.04 152658 154899 300
556.1 2241.04 152660 154901 300
556.2 2241.04 152658 154899 300
556.3 2241.04 152659 154900 300
556.4 2241.04 152660 154901 300
556.5 2241.04 152660 154901 300
556.6 2241.04 152660 154901 300
556.7 2241.04 152661 154902 300
556.8 2241.04 152659 154900 300
556.9 2241.04 152660 154901 300
557 2241.04 152660 154901 300
557.1 2241.04 152660 154901 300
557.2 2241.04 152659 154901 300
557.3 2241.04 152660 154901 300
557.4 2241.04 152660 154901 300
557.5 2241.04 152661 154902 300
557.6 2241.04 152661 154902 300
557.7 2241.04 152661 154902 300
557.8 2241.04 152661 154902 300
557.9 2241.04 152661 154902 300
558 2241.04 152660 154901 300
558.1 2241.04 152661 154902 300
558.2 2241.04 152660 154901 300
558.3 2241.04 152660 154901 300
558.4 2241.04 152660 154901 300
558.5 2241.04 152660 154902 300
558.6 2241.04 152660 154901 300
558.7 2241.04 152660 154901 300
558.8 2241.04 152660 154901 300
558.9 2241.04 152660 154901 300
559 2241.04 152659 154900 300
559.1 2241.04 152659 154900 300
559.2 2241.04 152659 154900 300
559.3 2241.04 152660 154901 300
559.4 2241.04 152659 154900 300
559.5 2241.04 152659 154900 300
559.6 2241.04 152659 154900 300
559.7 2241.04 152659 154900 300
559.8 2241.04 152673 154914 300
559.9 2241.04 152659 154900 300
560 2241.04 152659 154900 300
560.1 2241.04 152659 154900 300
560.2 2241.04 152659 154900 300
560.3 2241.04 152659 154900 300
560.4 2241.04 152659 154900 300
560.5 2241.04 152659 154900 300
560.6 2241.04 152659 154900 300
560.7 2241.04 152659 154900 300
560.8 2241.04 152659 154900 300
560.9 2241.04 152658 154900 300
561 2241.04 152659 154900 300
561.1 2241.04 152659 154900 300
561.2 2241.04 152659 154900 300
561.3 2241.04 152659 154900 300
561.4 2241.04 152659 154900 300
561.5 2241.04 152659 154900 300
561.6 2241.04 152660 154901 300
561.7 2241.04 152659 154900 300
561.8 2241.04 152660 154901 300
561.9 2241.04 152659 154901 300
562 2241.04 152659 154900 300
562.1 2241.04 152659 154901 300
562.2 2241.04 152658 154899 300
562.3 2241.04 152659 154900 300
562.4 2241.04 152659 154900 300
562.5 2241.04 152659 154900 300
562.6 2241.04 152660 154901 300
562.7 2241.04 152660 154901 300
562.8 2241.04 152660 154901 300
562.9 2241.04 152660 154901 300
563 2241.04 152660 154901 300
563.1 2241.04 152660 154901 300
563.2 2241.04 152660 154901 300
563.3 2241.04 152660 154901 300
563.4 2241.04 152660 154901 300
563.5 2241.04 152660 154901 300
563.6 2241.04 152660 154901 300
563.7 2241.04 152661 154902 300
563.8 2241.04 152661 154902 300
563.9 2241.04 152660 154901 300
564 2241.04 152660 154901 300
564.1 2241.04 152660 154901 300
564.2 2241.04 152660 154901 300
564.3 2241.04 152661 154902 300
564.4 2241.04 152660 154901 300
564.5 2241.04 152660 154901 300
564.6 2241.04 152662 154903 300
564.7 2241.04 152659 154900 300
564.8 2241.04 152659 154900 300
564.9 2241.04 152660 154901 300
565 2241.04 152660 154901 300
565.1 2241.04 152660 154901 300
565.2 2241.04 152660 154901 300
565.3 2241.04 152659 154900 300
565.4 2241.04 152659 154900 300
565.5 2241.04 152660 154901 300
565.6 2241.04 152660 154901 300
565.7 2241.04 152660 154901 300
565.8 2241.04 152660 154901 300
565.9 2241.04 152660 154901 300
566 2241.04 152661 154902 300
566.1 2241.04 152661 154902 300
566.2 2241.04 152660 154902 300
566.3 2241.04 152660 154901 300
566.4 2241.04 152660 154901 300
566.5 2241.04 152660 154901 300
566.6 2241.04 152660 154901 300
566.7 2241.04 152660 154901 300
566.8 2241.04 152660 154901 300
566.9 2241.04 152659 154900 300
567 2241.04 152659 154900 300
567.1 2241.04 152659 154900 300
567.2 2241.04 152658 154899 300
567.3 2241.04 152659 154900 300
567.4 2241.04 152659 154900 300
567.5 2241.04 152659 154900 300
567.6 2241.04 152659 154900 300
567.7 2241.04 152658 154900 300
567.8 2241.04 152658 154899 300
567.9 2241.04 152658 154899 300
568 2241.04 152658 154899 300
568.1 2241.04 152658 154899 300
568.2 2241.04 152659 154900 300
568.3 2241.04 152659 154900 300
568.4 2241.04 152659 154900 300
568.5 2241.04 152659 154900 300
568.6 2241.04 152659 154900 300
568.7 2241.04 152659 154900 300
568.8 2241.04 152659 154900 300
568.9 2241.04 152659 154900 300
569 2241.04 152659 154900 300
569.1 2241.04 152659 154900 300
569.2 2241.04 152659 154901 300
569.3 2241.04 152659 154900 300
569.4 2241.04 152660 154901 300
569.5 2241.04 152660 154901 300
569.6 2241.04 152660 154901 300
569.7 2241.04 152660 154901 300
569.8 2241.04 152660 154901 300
569.9 2241.04 152660 154901 300
570 2241.04 152660 154901 300
570.1 2241.04 152660 154901 300
570.2 2241.04 152660 154901 300
570.3 2241.04 152660 154901 300
570.4 2241.04 152660 154901 300
570.5 2241.04 152660 154901 300
570.6 2241.04 152660 154901 300
570.7 2241.04 152660 154901 300
570.8 2241.04 152660 154901 300
570.9 2241.04 152660 154901 300
571 2241.04 152659 154900 300
571.1 2241.04 152659 154900 300
571.2 2241.04 152659 154900 300
571.3 2241.04 152660 154901 300
571.4 2241.04 152660 154901 300
571.5 2241.04 152660 154901 300
571.6 2241.04 152659 154900 300
571.7 2241.04 152658 154899 300
571.8 2241.04 152659 154900 300
571.9 2241.04 152659 154900 300
572 2241.04 152659 154900 300
572.1 2241.04 152659 154901 300
572.2 2241.04 152659 154900 300
572.3 2241.04 152659 154900 300
572.4 2241.04 152659 154900 300
572.5 2241.04 152660 154901 300
572.6 2241.04 152660 154901 300
572.7 2241.04 152660 154901 300
572.8 2241.04 152660 154901 300
572.9 2241.04 152660 154901 300
573 2241.04 152661 154902 300
573.1 2241.04 152660 154902 300
573.2 2241.04 152660 154901 300
573.3 2241.04 152660 154901 300
573.4 2241.04 152660 154901 300
573.5 2241.04 152660 154901 300
573.6 2241.04 152660 154901 300
573.7 2241.04 152660 154901 300
573.8 2241.04 152660 154901 300
573.9 2241.04 152660 154901 300
574 2241.04 152660 154901 300
574.1 2241.04 152660 154901 300
574.2 2241.04 152659 154900 300
574.3 2241.04 152659 154900 300
574.4 2241.04 152662 154903 300
574.5 2241.04 152659 154900 300
574.6 2241.04 152660 154901 300
574.7 2241.04 152660 154901 300
574.8 2241.04 152660 154901 300
574.9 2241.04 152660 154901 300
575 2241.04 152659 154900 300
575.1 2241.04 152666 154907 300
575.2 2241.04 152658 154900 300
575.3 2241.04 152660 154901 300
575.4 2241.04 152660 154901 300
575.5 2241.04 152660 154901 300
575.6 2241.04 152660 154901 300
575.7 2241.04 152660 154901 300
575.8 2241.04 152659 154901 300
575.9 2241.04 152659 154900 300
576 2241.04 152659 154900 300
576.1 2241.04 152659 154900 300
576.2 2241.04 152659 154900 300
576.3 2241.04 152659 154900 300
576.4 2241.04 152658 154899 300
576.5 2241.04 152658 154899 300
576.6 2241.04 152659 154900 300
576.7 2241.04 152658 154899 300
576.8 2241.04 152661 154902 300
576.9 2241.04 152659 154900 300
577 2241.04 152659 154900 300
577.1 2241.04 152659 154900 300
577.2 2241.04 152659 154900 300
577.3 2241.04 152659 154900 300
577.4 2241.04 152661 154902 300
577.5 2241.04 152659 154900 300
577.6 2241.04 152659 154901 300
577.7 2241.04 152660 154901 300
577.8 2241.04 152660 154901 300
577.9 2241.04 152659 154900 300
578 2241.04 152659 154900 300
578.1 2241.04 152659 154900 300
578.2 2241.04 152660 154901 300
578.3 2241.04 152658 154899 300
578.4 2241.04 152659 154900 300
578.5 2241.04 152659 154900 300
578.6 2241.04 152660 154901 300
578.7 2241.04 152660 154901 300
578.8 2241.04 152660 154901 300
578.9 2241.04 152660 154901 300
579 2241.04 152660 154901 300
579.1 2241.04 152660 154901 300
579.2 2241.04 152659 154900 300
579.3 2241.04 152659 154900 300
579.4 2241.04 152659 154900 300
579.5 2241.04 152660 154901 300
579.6 2241.04 152660 154901 300
579.7 2241.04 152660 154901 300
579.8 2241.04 152660 154901 300
579.9 2241.04 152660 154901 300
580 2241.04 152660 154901 300
580.1 2241.04 152660 154901 300
580.2 2241.04 152660 154901 300
580.3 2241.04 152660 154901 300
580.4 2241.04 152659 154900 300
580.5 2241.04 152658 154899 300
580.6 2241.04 152664 154905 300
580.7 2241.04 152658 154899 300
580.8 2241.04 152659 154901 300
580.9 2241.04 152659 154900 300
581 2241.04 152660 154901 300
581.1 2241.04 152660 154901 300
581.2 2241.04 152660 154901 300
581.3 2241.04 152659 154900 300
581.4 2241.04 152660 154901 300
581.5 2241.04 152659 154900 300
581.6 2241.04 152662 154903 300
581.7 2241.04 152659 154900 300
581.8 2241.04 152660 154901 300
581.9 2241.04 152660 154901 300
582 2241.04 152660 154901 300
582.1 2241.04 152660 154901 300
582.2 2241.04 152660 154901 300
582.3 2241.04 152660 154901 300
582.4 2241.04 152660 154901 300
582.5 2241.04 152660 154901 300
582.6 2241.04 152660 154901 300
582.7 2241.04 152660 154901 300
582.8 2241.04 152660 154901 300
582.9 2241.04 152660 154901 300
583 2241.04 152660 154901 300
583.1 2241.04 152661 154902 300
583.2 2241.04 152660 154901 300
583.3 2241.04 152661 154902 300
583.4 2241.04 152661 154902 300
583.5 2241.04 152661 154902 300
583.6 2241.04 152660 154901 300
583.7 2241.04 152660 154902 300
583.8 2241.04 152661 154902 300
583.9 2241.04 152660 154902 300
584 2241.04 152660 154901 300
584.1 2241.04 152661 154903 300
584.2 2241.04 152660 154901 300
584.3 2241.04 152660 154901 300
584.4 2241.04 152660 154901 300
584.5 2241.04 152660 154901 300
584.6 2241.04 152659 154900 300
584.7 2241.04 152659 154900 300
584.8 2241.04 152658 154899 300
584.9 2241.04 152659 154900 300
585 2241.04 152659 154900 300
585.1 2241.04 152659 154900 300
585.2 2241.04 152663 154904 300
585.3 2241.04 152660 154901 300
585.4 2241.04 152660 154901 300
585.5 2241.04 152661 154902 300
585.6 2241.04 152661 154902 300
585.7 2241.04 152661 154902 300
585.8 2241.04 152661 154902 300
585.9 2241.04 152661 154902 300
586 2241.04 152660 154901 300
586.1 2241.04 152660 154901 300
586.2 2241.04 152659 154900 300
586.3 2241.04 152660 154901 300
586.4 2241.04 152660 154901 300
586.5 2241.04 152660 154901 300
586.6 2241.04 152660 154901 300
586.7 2241.04 152660 154901 300
586.8 2241.04 152661 154902 300
586.9 2241.04 152661 154902 300
587 2241.04 152661 154902 300
587.1 2241.04 152661 154902 300
587.2 2241.04 152661 154902 300
587.3 2241.04 152661 154902 300
587.4 2241.04 152661 154902 300
587.5 2241.04 152661 154902 300
587.6 2241.04 152661 154902 300
587.7 2241.04 152661 154902 300
587.8 2241.04 152659 154900 300
587.9 2241.04 152661 154902 300
588 2241.04 152661 154902 300
588.1 2241.04 152660 154901 300
588.2 2241.04 152660 154901 300
588.3 2241.04 152660 154901 300
588.4 2241.04 152660 154901 300
588.5 2241.04 152660 154901 300
588.6 2241.04 152660 154901 300
588.7 2241.04 152661 154902 300
588.8 2241.04 152660 154901 300
588.9 2241.04 152660 154901 300
589 2241.04 152660 154901 300
589.1 2241.04 152660 154901 300
589.2 2241.04 152660 154901 300
589.3 2241.04 152660 154901 300
589.4 2241.04 152660 154901 300
589.5 2241.04 152660 154901 300
589.6 2241.04 152660 154901 300
589.7 2241.04 152660 154901 300
589.8 2241.04 152660 154901 300
589.9 2241.04 152660 154901 300
590 2241.04 152660 154901 300
590.1 2241.04 152659 154900 300
590.2 2241.04 152659 154900 300
590.3 2241.04 152661 154902 300
590.4 2241.04 152659 154900 300
590.5 2241.04 152659 154900 300
590.6 2241.04 152659 154900 300
590.7 2241.04 152659 154900 300
590.8 2241.04 152659 154901 300
590.9 2241.04 152672 154913 300
591 2241.04 152659 154900 300
591.1 2241.04 152659 154900 300
591.2 2241.04 152659 154900 300
591.3 2241.04 152659 154900 300
591.4 2241.04 152659 154900 300
591.5 2241.04 152659 154900 300
591.6 2241.04 152660 154901 300
591.7 2241.04 152659 154900 300
591.8 2241.04 152659 154900 300
591.9 2241.04 152660 154901 300
592 2241.04 152660 154901 300
592.1 2241.04 152660 154901 300
592.2 2241.04 152660 154901 300
592.3 2241.04 152660 154901 300
592.4 2241.04 152660 154901 300
592.5 2241.04 152660 154901 300
592.6 2241.04 152660 154901 300
592.7 2241.04 152662 154903 300
592.8 2241.04 152660 154901 300
592.9 2241.04 152660 154901 300
593 2241.04 152660 154901 300
593.1 2241.04 152660 154901 300
593.2 2241.04 152659 154900 300
593.3 2241.04 152659 154900 300
593.4 2241.04 152659 154900 300
593.5 2241.04 152659 154901 300
593.6 2241.04 152660 154901 300
593.7 2241.04 152660 154901 300
593.8 2241.04 152660 154901 300
593.9 2241.04 152660 154901 300
594 2241.04 152661 154902 300
594.1 2241.04 152660 154901 300
594.2 2241.04 152660 154901 300
594.3 2241.04 152660 154902 300
594.4 2241.04 152660 154901 300
594.5 2241.04 152660 154901 300
594.6 2241.04 152661 154902 300
594.7 2241.04 152661 154902 300
594.8 2241.04 152661 154902 300
594.9 2241.04 152661 154902 300
595 2241.04 152660 154901 300
595.1 2241.04 152660 154901 300
595.2 2241.04 152659 154900 300
595.3 2241.04 152659 154900 300
595.4 2241.04 152661 154902 300
595.5 2241.04 152660 154901 300
595.6 2241.04 152660 154901 300
595.7 2241.04 152660 154901 300
595.8 2241.04 152660 154901 300
595.9 2241.04 152660 154901 300
596 2241.04 152660 154901 300
596.1 2241.04 152660 154901 300
596.2 2241.04 152660 154901 300
596.3 2241.04 152660 154901 300
596.4 2241.04 152660 154901 300
596.5 2241.04 152660 154901 300
596.6 2241.04 152660 154901 300
596.7 2241.04 152659 154900 300
596.8 2241.04 152659 154900 300
596.9 2241.04 152659 154900 300
597 2241.04 152659 154900 300
597.1 2241.04 152658 154899 300
597.2 2241.04 152659 154900 300
597.3 2241.04 152658 154899 300
597.4 2241.04 152658 154899 300
597.5 2241.04 152659 154900 300
597.6 2241.04 152659 154900 300
597.7 2241.04 152659 154900 300
597.8 2241.04 152664 154906 300
597.9 2241.04 152659 154900 300
598 2241.04 152660 154901 300
598.1 2241.04 152660 154901 300
598.2 2241.04 152660 154901 300
598.3 2241.04 152660 154901 300
598.4 2241.04 152660 154901 300
598.5 2241.04 152660 154901 300
598.6 2241.04 152660 154901 300
598.7 2241.04 152660 154901 300
598.8 2241.04 152660 154901 300
598.9 2241.04 152661 154902 300
599 2241.04 152660 154901 300
599.1 2241.04 152660 154901 300
599.2 2241.04 152660 154901 300
599.3 2241.04 152660 154901 300
599.4 2241.04 152660 154901 300
599.5 2241.04 152660 154901 300
599.6 2241.04 152660 154901 300
599.7 2241.04 152660 154901 300
599.8 2241.04 152660 154901 300
599.9 2241.04 152660 154901 300
600 2241.04 152659 154900 300
600.1 2241.04 152675 154916 300
600.2 2241.04 152659 154901 300
600.3 2241.04 152660 154901 300
600.4 2241.04 152660 154901 300
600.5 2241.04 152660 154901 300
600.6 2241.04 152660 154901 300
600.7 2241.04 152660 154901 300
600.8 2241.04 152660 154901 300
600.9 2241.04 152661 154902 300
601 2241.04 152661 154902 300
601.1 2241.04 152661 154902 300
601.2 2241.04 152660 154902 300
601.3 2241.04 152660 154901 300
601.4 2241.04 152661 154902 300
601.5 2241.04 152661 154902 300
601.6 2241.04 152661 154902 300
601.7 2241.04 152660 154901 300
601.8 2241.04 152661 154902 300
601.9 2241.04 152660 154901 300
602 2241.04 152660 154901 300
602.1 2241.04 152660 154901 300
602.2 2241.04 152659 154900 300
602.3 2241.04 152659 154900 300
602.4 2241.04 152659 154900 300
602.5 2241.04 152659 154900 300
602.6 2241.04 152659 154900 300
602.7 2241.04 152659 154900 300
602.8 2241.04 152660 154901 300
602.9 2241.04 152660 154901 300
603 2241.04 152659 154900 300
603.1 2241.04 152660 154901 300
603.2 2241.04 152660 154902 300
603.3 2241.04 152660 154902 300
603.4 2241.04 152660 154901 300
603.5 2241.04 152660 154901 300
603.6 2241.04 152660 154901 300
603.7 2241.04 152660 154901 300
603.8 2241.04 152660 154901 300
603.9 2241.04 152661 154902 300
604 2241.04 152661 154902 300
604.1 2241.04 152660 154902 300
604.2 2241.04 152660 154901 300
604.3 2241.04 152660 154901 300
604.4 2241.04 152660 154901 300
604.5 2241.04 152660 154901 300
604.6 2241.04 152660 154901 300
604.7 2241.04 152660 154901 300
604.8 2241.04 152660 154901 300
604.9 2241.04 152660 154901 300
605 2241.04 152660 154901 300
605.1 2241.04 152659 154900 300
605.2 2241.04 152660 154901 300
605.3 2241.04 152660 154901 300
605.4 2241.04 152660 154901 300
605.5 2241.04 152660 154901 300
605.6 2241.04 152660 154901 300
605.7 2241.04 152660 154901 300
605.8 2241.04 152659 154900 300
605.9 2241.04 152658 154899 300
606 2241.04 152661 154902 300
606.1 2241.04 152658 154899 300
606.2 2241.04 152659 154900 300
606.3 2241.04 152659 154900 300
606.4 2241.04 152665 154906 300
606.5 2241.04 152660 154901 300
606.6 2241.04 152661 154902 300
606.7 2241.04 152661 154902 300
606.8 2241.04 152661 154902 300
606.9 2241.04 152661 154902 300
607 2241.04 152661 154902 300
607.1 2241.04 152661 154902 300
607.2 2241.04 152661 154902 300
607.3 2241.04 152661 154902 300
607.4 2241.04 152660 154901 300
607.5 2241.04 152660 154901 300
607.6 2241.04 152659 154900 300
607.7 2241.04 152659 154900 300
607.8 2241.04 152659 154900 300
607.9 2241.04 152660 154901 300
608 2241.04 152660 154901 300
608.1 2241.04 152660 154901 300
608.2 2241.04 152660 154901 300
608.3 2241.04 152660 154901 300
608.4 2241.04 152660 154901 300
608.5 2241.04 152660 154901 300
608.6 2241.04 152659 154900 300
608.7 2241.04 152659 154900 300
608.8 2241.04 152659 154900 300
608.9 2241.04 152660 154901 300
609 2241.04 152660 154901 300
609.1 2241.04 152660 154901 300
609.2 2241.04 152660 154901 300
609.3 2241.04 152660 154901 300
609.4 2241.04 152660 154901 300
609.5 2241.04 152660 154901 300
609.6 2241.04 152660 154901 300
609.7 2241.04 152661 154902 300
609.8 2241.04 152660 154901 300
609.9 2241.04 152660 154901 300
610 2241.04 152660 154901 300
610.1 2241.04 152660 154901 300
610.2 2241.04 152660 154901 300
610.3 2241.04 152660 154901 300
610.4 2241.04 152660 154901 300
610.5 2241.04 152660 154901 300
610.6 2241.04 152659 154900 300
610.7 2241.04 152659 154900 300
610.8 2241.04 152659 154900 300
610.9 2241.04 152659 154900 300
611 2241.04 152659 154900 300
611.1 2241.04 152658 154899 300
611.2 2241.04 152662 154903 300
611.3 2241.04 152658 154899 300
611.4 2241.04 152659 154900 300
611.5 2241.04 152659 154901 300
611.6 2241.04 152660 154901 300
611.7 2241.04 152660 154901 300
611.8 2241.04 152660 154901 300
611.9 2241.04 152660 154901 300
612 2241.04 152660 154901 300
612.1 2241.04 152660 154901 300
612.2 2241.04 152659 154900 300
612.3 2241.04 152660 154901 300
612.4 2241.04 152659 154900 300
612.5 2241.04 152660 154901 300
612.6 2241.04 152660 154901 300
612.7 2241.04 152660 154901 300
612.8 2241.04 152660 154901 300
612.9 2241.04 152660 154901 300
613 2241.04 152660 154901 300
613.1 2241.04 152660 154901 300
613.2 2241.04 152660 154901 300
613.3 2241.04 152660 154901 300
613.4 2241.04 152660 154901 300
613.5 2241.04 152660 154901 300
613.6 2241.04 152660 154901 300
613.7 2241.04 152660 154901 300
613.8 2241.04 152660 154901 300
613.9 2241.04 152660 154901 300
614 2241.04 152660 154901 300
614.1 2241.04 152660 154901 300
614.2 2241.04 152660 154901 300
614.3 2241.04 152660 154901 300
614.4 2241.04 152660 154901 300
614.5 2241.04 152666 154907 300
614.6 2241.04 152660 154901 300
614.7 2241.04 152660 154901 300
614.8 2241.04 152660 154901 300
614.9 2241.04 152660 154901 300
615 2241.04 152660 154901 300
615.1 2241.04 152660 154901 300
615.2 2241.04 152660 154901 300
615.3 2241.04 152660 154901 300
615.4 2241.04 152660 154901 300
615.5 2241.04 152660 154901 300
615.6 2241.04 152660 154901 300
615.7 2241.04 152660 154901 300
615.8 2241.04 152660 154901 300
615.9 2241.04 152660 154902 300
616 2241.04 152660 154901 300
616.1 2241.04 152660 154901 300
616.2 2241.04 152660 154901 300
616.3 2241.04 152660 154902 300
616.4 2241.04 152660 154901 300
616.5 2241.04 152660 154901 300
616.6 2241.04 152660 154901 300
616.7 2241.04 152660 154901 300
616.8 2241.04 152659 154900 300
616.9 2241.04 152660 154901 300
617 2241.04 152660 154901 300
617.1 2241.04 152660 154901 300
617.2 2241.04 152660 154901 300
617.3 2241.04 152666 154907 300
617.4 2241.04 152659 154900 300
617.5 2241.04 152660 154901 300
617.6 2241.04 152660 154901 300
617.7 2241.04 152659 154900 300
617.8 2241.04 152660 154901 300
617.9 2241.04 152659 154900 300
618 2241.04 152658 154899 300
618.1 2241.04 152660 154901 300
618.2 2241.04 152659 154900 300
618.3 2241.04 152659 154900 300
618.4 2241.04 152660 154901 300
618.5 2241.04 152660 154901 300
618.6 2241.04 152660 154901 300
618.7 2241.04 152660 154901 300
618.8 2241.04 152660 154901 300
618.9 2241.04 152660 154901 300
619 2241.04 152660 154901 300
619.1 2241.04 152660 154901 300
619.2 2241.04 152660 154901 300
619.3 2241.04 152660 154901 300
619.4 2241.04 152660 154901 300
619.5 2241.04 152660 154901 300
619.6 2241.04 152660 154901 300
619.7 2241.04 152660 154901 300
619.8 2241.04 152660 154901 300
619.9 2241.04 152660 154901 300
620 2241.04 152660 154901 300
620.1 2241.04 152660 154901 300
620.2 2241.04 152660 154901 300
620.3 2241.04 152660 154901 300
620.4 2241.04 152660 154901 300
620.5 2241.04 152660 154901 300
620.6 2241.04 152660 154901 300
620.7 2241.04 152660 154901 300
620.8 2241.04 152660 154901 300
620.9 2241.04 152660 154901 300
621 2241.04 152660 154901 300
621.1 2241.04 152660 154901 300
621.2 2241.04 152660 154901 300
621.3 2241.04 152660 154901 300
621.4 2241.04 152660 154901 300
621.5 2241.04 152660 154901 300
621.6 2241.04 152660 154901 300
621.7 2241.04 152660 154901 300
621.8 2241.04 152660 154901 300
621.9 2241.04 152659 154900 300
622 2241.04 152658 154899 300
622.1 2241.04 152659 154900 300
622.2 2241.04 152659 154900 300
622.3 2241.04 152659 154900 300
622.4 2241.04 152659 154900 300
622.5 2241.04 152659 154900 300
622.6 2241.04 152660 154901 300
622.7 2241.04 152659 154900 300
622.8 2241.04 152659 154900 300
622.9 2241.04 152660 154901 300
623 2241.04 152660 154901 300
623.1 2241.04 152660 154901 300
623.2 2241.04 152660 154901 300
623.3 2241.04 152660 154901 300
623.4 2241.04 152659 154900 300
623.5 2241.04 152659 154900 300
623.6 2241.04 152658 154899 300
623.7 2241.04 152659 154900 300
623.8 2241.04 152658 154899 300
623.9 2241.04 152658 154899 300
624 2241.04 152658 154899 300
624.1 2241.04 152658 154899 300
624.2 2241.04 152659 154900 300
624.3 2241.04 152659 154900 300
624.4 2241.04 152658 154900 300
624.5 2241.04 152659 154900 300
624.6 2241.04 152658 154899 300
624.7 2241.04 152658 154899 300
624.8 2241.04 152658 154899 300
624.9 2241.04 152659 154900 300
625 2241.04 152659 154900 300
625.1 2241.04 152659 154900 300
625.2 2241.04 152659 154900 300
625.3 2241.04 152659 154901 300
625.4 2241.04 152660 154901 300
625.5 2241.04 152659 154900 300
625.6 2241.04 152659 154900 300
625.7 2241.04 152659 154900 300
625.8 2241.04 152660 154901 300
625.9 2241.04 152659 154900 300
626 2241.04 152659 154900 300
626.1 2241.04 152659 154900 300
626.2 2241.04 152659 154900 300
626.3 2241.04 152659 154900 300
626.4 2241.04 152658 154899 300
626.5 2241.04 152659 154900 300
626.6 2241.04 152659 154900 300
626.7 2241.04 152659 154900 300
626.8 2241.04 152659 154900 300
626.9 2241.04 152659 154900 300
627 2241.04 152659 154900 300
627.1 2241.04 152659 154900 300
627.2 2241.04 152658 154899 300
627.3 2241.04 152658 154899 300
627.4 2241.04 152658 154899 300
627.5 2241.04 152658 154899 300
627.6 2241.04 152658 154899 300
627.7 2241.04 152657 154898 300
627.8 2241.04 152657 154898 300
627.9 2241.04 152658 154899 300
628 2241.04 152657 154898 300
628.1 2241.04 152658 154899 300
628.2 2241.04 152658 154899 300
628.3 2241.04 152658 154899 300
628.4 2241.04 152658 154899 300
628.5 2241.04 152659 154900 300
628.6 2241.04 152658 154899 300
628.7 2241.04 152659 154900 300
628.8 2241.04 152659 154900 300
628.9 2241.04 152659 154900 300
629 2241.04 152660 154901 300
629.1 2241.04 152660 154901 300
629.2 2241.04 152660 154901 300
629.3 2241.04 152660 154901 300
629.4 2241.04 152660 154901 300
629.5 2241.04 152659 154900 300
629.6 2241.04 152659 154901 300
629.7 2241.04 152659 154900 300
629.8 2241.04 152659 154900 300
629.9 2241.04 152659 154900 300
630 2241.04 152659 154900 300
630.1 2241.04 152659 154900 300
630.2 2241.04 152664 154905 300
630.3 2241.04 152658 154899 300
630.4 2241.04 152661 154902 300
630.5 2241.04 152658 154899 300
630.6 2241.04 152660 154901 300
630.7 2241.04 152658 154899 300
630.8 2241.04 152660 154901 300
630.9 2241.04 152658 154899 300
631 2241.04 152658 154900 300
631.1 2241.04 152659 154900 300
631.2 2241.04 152661 154902 300
631.3 2241.04 152659 154900 300
631.4 2241.04 152659 154900 300
631.5 2241.04 152659 154900 300
631.6 2241.04 152659 154900 300
631.7 2241.04 152659 154900 300
631.8 2241.04 152659 154901 300
631.9 2241.04 152659 154900 300
632 2241.04 152659 154900 300
632.1 2241.04 152659 154900 300
632.2 2241.04 152659 154900 300
632.3 2241.04 152659 154900 300
632.4 2241.04 152659 154900 300
632.5 2241.04 152659 154900 300
632.6 2241.04 152659 154900 300
632.7 2241.04 152659 154900 300
632.8 2241.04 152659 154900 300
632.9 2241.04 152659 154900 300
633 2241.04 152659 154900 300
633.1 2241.04 152659 154900 300
633.2 2241.04 152659 154900 300
633.3 2241.04 152658 154899 300
633.4 2241.04 152658 154899 300
633.5 2241.04 152658 154899 300
633.6 2241.04 152660 154901 300
633.7 2241.04 152658 154899 300
633.8 2241.04 152659 154900 300
633.9 2241.04 152659 154900 300
634 2241.04 152659 154900 300
634.1 2241.04 152659 154900 300
634.2 2241.04 152659 154900 300
634.3 2241.04 152659 154900 300
634.4 2241.04 152660 154901 300
634.5 2241.04 152660 154901 300
634.6 2241.04 152660 154901 300
634.7 2241.04 152660 154901 300
634.8 2241.04 152659 154900 300
634.9 2241.04 152659 154900 300
635 2241.04 152660 154901 300
635.1 2241.04 152660 154901 300
635.2 2241.04 152660 154901 300
635.3 2241.04 152660 154901 300
635.4 2241.04 152660 154901 300
635.5 2241.04 152660 154901 300
635.6 2241.04 152660 154901 300
635.7 2241.04 152660 154901 300
635.8 2241.04 152660 154901 300
635.9 2241.04 152660 154901 300
636 2241.04 152660 154901 300
636.1 2241.04 152659 154900 300
636.2 2241.04 152664 154905 300
636.3 2241.04 152658 154899 300
636.4 2241.04 152659 154900 300
636.5 2241.04 152659 154900 300
636.6 2241.04 152659 154900 300
636.7 2241.04 152659 154900 300
636.8 2241.04 152659 154900 300
636.9 2241.04 152659 154900 300
637 2241.04 152658 154899 300
637.1 2241.04 152658 154899 300
637.2 2241.04 152658 154899 300
637.3 2241.04 152658 154899 300
637.4 2241.04 152658 154899 300
637.5 2241.04 152658 154899 300
637.6 2241.04 152660 154901 300
637.7 2241.04 152657 154899 300
637.8 2241.04 152658 154899 300
637.9 2241.04 152658 154899 300
638 2241.04 152659 154900 300
638.1 2241.04 152659 154901 300
638.2 2241.04 152660 154901 300
638.3 2241.04 152660 154901 300
638.4 2241.04 152660 154901 300
638.5 2241.04 152660 154901 300
638.6 2241.04 152660 154901 300
638.7 2241.04 152659 154900 300
638.8 2241.04 152659 154900 300
638.9 2241.04 152659 154900 300
639 2241.04 152659 154900 300
639.1 2241.04 152659 154900 300
639.2 2241.04 152659 154900 300
639.3 2241.04 152659 154900 300
639.4 2241.04 152659 154900 300
639.5 2241.04 152659 154900 300
639.6 2241.04 152659 154900 300
639.7 2241.04 152659 154900 300
639.8 2241.04 152658 154899 300
639.9 2241.04 152659 154900 300
640 2241.04 152659 154900 300
640.1 2241.04 152659 154900 300
640.2 2241.04 152658 154899 300
640.3 2241.04 152659 154900 300
640.4 2241.04 152659 154900 300
640.5 2241.04 152659 154900 300
640.6 2241.04 152659 154900 300
640.7 2241.04 152659 154900 300
640.8 2241.04 152659 154900 300
640.9 2241.04 152660 154901 300
641 2241.04 152660 154901 300
641.1 2241.04 152660 154901 300
641.2 2241.04 152660 154901 300
641.3 2241.04 152660 154901 300
641.4 2241.04 152659 154900 300
641.5 2241.04 152662 154903 300
641.6 2241.04 152659 154900 300
641.7 2241.04 152659 154900 300
641.8 2241.04 152659 154900 300
641.9 2241.04 152659 154900 300
642 2241.04 152659 154900 300
642.1 2241.04 152659 154900 300
642.2 2241.04 152659 154900 300
642.3 2241.04 152658 154899 300
642.4 2241.04 152658 154899 300
642.5 2241.04 152659 154900 300
642.6 2241.04 152659 154900 300
642.7 2241.04 152659 154900 300
642.8 2241.04 152659 154900 300
642.9 2241.04 152659 154900 300
643 2241.04 152659 154900 300
643.1 2241.04 152659 154900 300
643.2 2241.04 152658 154899 300
643.3 2241.04 152657 154898 300
643.4 2241.04 152658 154899 300
643.5 2241.04 152657 154898 300
643.6 2241.04 152657 154898 300
643.7 2241.04 152657 154898 300
643.8 2241.04 152656 154897 300
643.9 2241.04 152657 154899 300
644 2241.04 152658 154899 300
644.1 2241.04 152658 154899 300
644.2 2241.04 152658 154899 300
644.3 2241.04 152658 154899 300
644.4 2241.04 152658 154899 300
644.5 2241.04 152658 154899 300
644.6 2241.04 152658 154899 300
644.7 2241.04 152658 154899 300
644.8 2241.04 152658 154899 300
644.9 2241.04 152658 154899 300
645 2241.04 152658 154899 300
645.1 2241.04 152659 154900 300
645.2 2241.04 152659 154900 300
645.3 2241.04 152658 154899 300
645.4 2241.04 152658 154899 300
645.5 2241.04 152659 154900 300
645.6 2241.04 152658 154899 300
645.7 2241.04 152659 154900 300
645.8 2241.04 152659 154900 300
645.9 2241.04 152659 154900 300
646 2241.04 152659 154900 300
646.1 2241.04 152659 154900 300
646.2 2241.04 152659 154900 300
646.3 2241.04 152659 154900 300
646.4 2241.04 152659 154900 300
646.5 2241.04 152659 154900 300
646.6 2241.04 152658 154899 300
646.7 2241.04 152657 154898 300
646.8 2241.04 152657 154898 300
646.9 2241.04 152658 154899 300
647 2241.04 152656 154897 300
647.1 2241.04 152656 154897 300
647.2 2241.04 152656 154897 300
647.3 2241.04 152657 154898 300
647.4 2241.04 152658 154899 300
647.5 2241.04 152658 154899 300
647.6 2241.04 152670 154911 300
647.7 2241.04 152657 154898 300
647.8 2241.04 152657 154898 300
647.9 2241.04 152658 154899 300
648 2241.04 152658 154899 300
648.1 2241.04 152658 154899 300
648.2 2241.04 152657 154898 300
648.3 2241.04 152657 154898 300
648.4 2241.04 152658 154899 300
648.5 2241.04 152659 154900 300
648.6 2241.04 152659 154900 300
648.7 2241.04 152658 154900 300
648.8 2241.04 152658 154899 300
648.9 2241.04 152658 154899 300
649 2241.04 152658 154899 300
649.1 2241.04 152658 154899 300
649.2 2241.04 152658 154899 300
649.3 2241.04 152658 154899 300
649.4 2241.04 152658 154899 300
649.5 2241.04 152658 154899 300
649.6 2241.04 152657 154898 300
649.7 2241.04 152657 154898 300
649.8 2241.04 152658 154899 300
649.9 2241.04 152658 154899 300
650 2241.04 152658 154899 300
650.1 2241.04 152657 154898 300
650.2 2241.04 152657 154898 300
650.3 2241.04 152657 154898 300
650.4 2241.04 152656 154898 300
650.5 2241.04 152657 154898 300
650.6 2241.04 152657 154898 300
650.7 2241.04 152657 154898 300
650.8 2241.04 152657 154898 300
650.9 2241.04 152660 154901 300
651 2241.04 152658 154899 300
651.1 2241.04 152658 154899 300
651.2 2241.04 152659 154900 300
651.3 2241.04 152659 154900 300
651.4 2241.04 152659 154900 300
651.5 2241.04 152659 154900 300
651.6 2241.04 152658 154899 300
651.7 2241.04 152658 154899 300
651.8 2241.04 152658 154899 300
651.9 2241.04 152658 154899 300
652 2241.04 152657 154898 300
652.1 2241.04 152658 154899 300
652.2 2241.04 152658 154899 300
652.3 2241.04 152658 154899 300
652.4 2241.04 152659 154900 300
652.5 2241.04 152659 154900 300
652.6 2241.04 152660 154901 300
652.7 2241.04 152660 154901 300
652.8 2241.04 152660 154901 300
652.9 2241.04 152660 154901 300
653 2241.04 152660 154901 300
653.1 2241.04 152660 154901 300
653.2 2241.04 152659 154901 300
653.3 2241.04 152660 154901 300
653.4 2241.04 152660 154901 300
653.5 2241.04 152660 154901 300
653.6 2241.04 152660 154901 300
653.7 2241.04 152660 154901 300
653.8 2241.04 152659 154900 300
653.9 2241.04 152658 154899 300
654 2241.04 152660 154901 300
654.1 2241.04 152658 154899 300
654.2 2241.04 152659 154900 300
654.3 2241.04 152659 154900 300
654.4 2241.04 152659 154900 300
654.5 2241.04 152659 154900 300
654.6 2241.04 152659 154900 300
654.7 2241.04 152659 154900 300
654.8 2241.04 152659 154900 300
654.9 2241.04 152659 154900 300
655 2241.04 152659 154900 300
655.1 2241.04 152659 154900 300
655.2 2241.04 152659 154900 300
655.3 2241.04 152659 154900 300
655.4 2241.04 152660 154901 300
655.5 2241.04 152660 154901 300
655.6 2241.04 152660 154901 300
655.7 2241.04 152660 154901 300
655.8 2241.04 152660 154901 300
655.9 2241.04 152660 154901 300
656 2241.04 152660 154901 300
656.1 2241.04 152660 154901 300
656.2 2241.04 152659 154900 300
656.3 2241.04 152661 154902 300
656.4 2241.04 152660 154901 300
656.5 2241.04 152660 154901 300
656.6 2241.04 152660 154901 300
656.7 2241.04 152660 154901 300
656.8 2241.04 152659 154900 300
656.9 2241.04 152659 154900 300
657 2241.04 152683 154924 300
657.1 2241.04 152659 154900 300
657.2 2241.04 152659 154900 300
657.3 2241.04 152659 154900 300
657.4 2241.04 152658 154899 300
657.5 2241.04 152659 154900 300
657.6 2241.04 152659 154900 300
657.7 2241.04 152659 154900 300
657.8 2241.04 152659 154901 300
657.9 2241.04 152660 154901 300
658 2241.04 152660 154901 300
658.1 2241.04 152660 154901 300
658.2 2241.04 152660 154901 300
658.3 2241.04 152660 154901 300
658.4 2241.04 152660 154901 300
658.5 2241.04 152660 154901 300
658.6 2241.04 152660 154901 300
658.7 2241.04 152660 154901 300
658.8 2241.04 152660 154901 300
658.9 2241.04 152659 154900 300
659 2241.04 152660 154901 300
659.1 2241.04 152660 154901 300
659.2 2241.04 152660 154901 300
659.3 2241.04 152660 154901 300
659.4 2241.04 152660 154901 300
659.5 2241.04 152660 154901 300
659.6 2241.04 152660 154901 300
659.7 2241.04 152660 154901 300
659.8 2241.04 152659 154900 300
659.9 2241.04 152659 154900 300
660 2241.04 152659 154900 300
660.1 2241.04 152659 154900 300
660.2 2241.04 152659 154900 300
660.3 2241.04 152659 154900 300
660.4 2241.04 152659 154900 300
660.5 2241.04 152658 154899 300
660.6 2241.04 152658 154899 300
660.7 2241.04 152658 154899 300
660.8 2241.04 152658 154899 300
660.9 2241.04 152659 154900 300
661 2241.04 152659 154900 300
661.1 2241.04 152659 154900 300
661.2 2241.04 152659 154900 300
661.3 2241.04 152659 154900 300
661.4 2241.04 152658 154900 300
661.5 2241.04 152660 154901 300
661.6 2241.04 152658 154899 300
661.7 2241.04 152659 154900 300
661.8 2241.04 152659 154900 300
661.9 2241.04 152659 154900 300
662 2241.04 152659 154900 300
662.1 2241.04 152659 154900 300
662.2 2241.04 152659 154900 300
662.3 2241.04 152660 154901 300
662.4 2241.04 152660 154901 300
662.5 2241.04 152660 154901 300
662.6 2241.04 152660 154901 300
662.7 2241.04 152660 154901 300
662.8 2241.04 152660 154901 300
662.9 2241.04 152660 154901 300
663 2241.04 152660 154901 300
663.1 2241.04 152660 154901 300
663.2 2241.04 152660 154901 300
663.3 2241.04 152660 154901 300
663.4 2241.04 152659 154900 300
663.5 2241.04 152659 154900 300
663.6 2241.04 152659 154900 300
663.7 2241.04 152660 154901 300
663.8 2241.04 152660 154901 300
663.9 2241.04 152660 154901 300
664 2241.04 152660 154901 300
664.1 2241.04 152660 154901 300
664.2 2241.04 152660 154901 300
664.3 2241.04 152660 154901 300
664.4 2241.04 152660 154901 300
664.5 2241.04 152660 154901 300
664.6 2241.04 152660 154901 300
664.7 2241.04 152660 154901 300
664.8 2241.04 152660 154901 300
664.9 2241.04 152660 154901 300
665 2241.04 152660 154901 300
665.1 2241.04 152660 154901 300
665.2 2241.04 152660 154901 300
665.3 2241.04 152660 154901 300
665.4 2241.04 152660 154901 300
665.5 2241.04 152659 154900 300
665.6 2241.04 152662 154903 300
665.7 2241.04 152660 154901 300
665.8 2241.04 152659 154900 300
665.9 2241.04 152660 154901 300
666 2241.04 152659 154900 300
666.1 2241.04 152659 154900 300
666.2 2241.04 152659 154900 300
666.3 2241.04 152659 154900 300
666.4 2241.04 152659 154900 300
666.5 2241.04 152659 154900 300
666.6 2241.04 152660 154901 300
666.7 2241.04 152659 154900 300
666.8 2241.04 152660 154901 300
666.9 2241.04 152660 154901 300
667 2241.04 152659 154901 300
667.1 2241.04 152659 154900 300
667.2 2241.04 152660 154901 300
667.3 2241.04 152660 154901 300
667.4 2241.04 152659 154900 300
667.5 2241.04 152659 154900 300
667.6 2241.04 152659 154900 300
667.7 2241.04 152659 154900 300
667.8 2241.04 152659 154900 300
667.9 2241.04 152659 154900 300
668 2241.04 152659 154900 300
668.1 2241.04 152659 154900 300
668.2 2241.04 152659 154900 300
668.3 2241.04 152659 154900 300
668.4 2241.04 152658 154899 300
668.5 2241.04 152659 154900 300
668.6 2241.04 152658 154899 300
668.7 2241.04 152658 154899 300
668.8 2241.04 152658 154899 300
668.9 2241.04 152658 154899 300
669 2241.04 152658 154899 300
669.1 2241.04 152660 154901 300
669.2 2241.04 152658 154899 300
669.3 2241.04 152658 154899 300
669.4 2241.04 152658 154900 300
669.5 2241.04 152658 154899 300
669.6 2241.04 152658 154899 300
669.7 2241.04 152659 154900 300
669.8 2241.04 152659 154900 300
669.9 2241.04 152659 154900 300
670 2241.04 152659 154900 300
670.1 2241.04 152659 154900 300
670.2 2241.04 152658 154900 300
670.3 2241.04 152661 154902 300
670.4 2241.04 152658 154900 300
670.5 2241.04 152659 154900 300
670.6 2241.04 152659 154900 300
670.7 2241.04 152659 154900 300
670.8 2241.04 152658 154899 300
670.9 2241.04 152661 154902 300
671 2241.04 152659 154900 300
671.1 2241.04 152659 154900 300
671.2 2241.04 152659 154900 300
671.3 2241.04 152659 154900 300
671.4 2241.04 152659 154900 300
671.5 2241.04 152662 154903 300
671.6 2241.04 152658 154899 300
671.7 2241.04 152658 154899 300
671.8 2241.04 152658 154899 300
671.9 2241.04 152659 154900 300
672 2241.04 152669 154910 300
672.1 2241.04 152659 154900 300
672.2 2241.04 152659 154900 300
672.3 2241.04 152659 154900 300
672.4 2241.04 152659 154900 300
672.5 2241.04 152659 154900 300
672.6 2241.04 152659 154900 300
672.7 2241.04 152659 154900 300
672.8 2241.04 152659 154900 300
672.9 2241.04 152658 154899 300
673 2241.04 152658 154899 300
673.1 2241.04 152658 154899 300
673.2 2241.04 152658 154899 300
673.3 2241.04 152657 154898 300
673.4 2241.04 152658 154899 300
673.5 2241.04 152660 154901 300
673.6 2241.04 152657 154898 300
673.7 2241.04 152658 154899 300
673.8 2241.04 152658 154899 300
673.9 2241.04 152658 154899 300
674 2241.04 152658 154899 300
674.1 2241.04 152665 154906 300
674.2 2241.04 152661 154902 300
674.3 2241.04 152659 154900 300
674.4 2241.04 152659 154900 300
674.5 2241.04 152659 154901 300
674.6 2241.04 152660 154901 300
674.7 2241.04 152660 154901 300
674.8 2241.04 152660 154901 300
674.9 2241.04 152660 154901 300
675 2241.04 152660 154901 300
675.1 2241.04 152660 154901 300
675.2 2241.04 152660 154901 300
675.3 2241.04 152660 154901 300
675.4 2241.04 152660 154901 300
675.5 2241.04 152660 154901 300
675.6 2241.04 152660 154901 300
675.7 2241.04 152659 154900 300
675.8 2241.04 152670 154911 300
675.9 2241.04 152659 154900 300
676 2241.04 152659 154900 300
676.1 2241.04 152659 154900 300
676.2 2241.04 152659 154900 300
676.3 2241.04 152659 154900 300
676.4 2241.04 152659 154900 300
676.5 2241.04 152657 154898 300
676.6 2241.04 152657 154898 300
676.7 2241.04 152658 154899 300
676.8 2241.04 152659 154900 300
676.9 2241.04 152658 154899 300
677 2241.04 152659 154900 300
677.1 2241.04 152658 154899 300
677.2 2241.04 152660 154901 300
677.3 2241.04 152658 154899 300
677.4 2241.04 152658 154899 300
677.5 2241.04 152659 154900 300
677.6 2241.04 152657 154898 300
677.7 2241.04 152657 154898 300
677.8 2241.04 152657 154898 300
677.9 2241.04 152658 154900 300
678 2241.04 152659 154900 300
678.1 2241.04 152659 154900 300
678.2 2241.04 152659 154900 300
678.3 2241.04 152659 154900 300
678.4 2241.04 152659 154900 300
678.5 2241.04 152659 154900 300
678.6 2241.04 152659 154901 300
678.7 2241.04 152659 154900 300
678.8 2241.04 152659 154900 300
678.9 2241.04 152658 154899 300
679 2241.04 152659 154900 300
679.1 2241.04 152659 154900 300
679.2 2241.04 152660 154901 300
679.3 2241.04 152660 154901 300
679.4 2241.04 152659 154901 300
679.5 2241.04 152659 154900 300
679.6 2241.04 152659 154900 300
679.7 2241.04 152659 154900 300
679.8 2241.04 152659 154900 300
679.9 2241.04 152659 154900 300
680 2241.04 152659 154900 300
680.1 2241.04 152659 154900 300
680.2 2241.04 152659 154900 300
680.3 2241.04 152659 154900 300
680.4 2241.04 152659 154900 300
680.5 2241.04 152659 154900 300
680.6 2241.04 152659 154900 300
680.7 2241.04 152659 154900 300
680.8 2241.04 152659 154900 300
680.9 2241.04 152659 154900 300
681 2241.04 152659 154900 300
681.1 2241.04 152659 154900 300
681.2 2241.04 152660 154901 300
681.3 2241.04 152659 154900 300
681.4 2241.04 152659 154900 300
681.5 2241.04 152659 154900 300
681.6 2241.04 152659 154900 300
681.7 2241.04 152659 154900 300
681.8 2241.04 152659 154900 300
681.9 2241.04 152659 154900 300
682 2241.04 152659 154900 300
682.1 2241.04 152659 154900 300
682.2 2241.04 152659 154900 300
682.3 2241.04 152659 154900 300
682.4 2241.04 152659 154900 300
682.5 2241.04 152658 154899 300
682.6 2241.04 152659 154900 300
682.7 2241.04 152658 154899 300
682.8 2241.04 152658 154899 300
682.9 2241.04 152658 154899 300
683 2241.04 152657 154898 300
683.1 2241.04 152657 154898 300
683.2 2241.04 152656 154897 300
683.3 2241.04 152656 154897 300
683.4 2241.04 152657 154898 300
683.5 2241.04 152657 154898 300
683.6 2241.04 152658 154899 300
683.7 2241.04 152658 154899 300
683.8 2241.04 152658 154899 300
683.9 2241.04 152658 154899 300
684 2241.04 152658 154899 300
684.1 2241.04 152658 154900 300
684.2 2241.04 152657 154899 300
684.3 2241.04 152657 154898 300
684.4 2241.04 152657 154898 300
684.5 2241.04 152657 154898 300
684.6 2241.04 152657 154898 300
684.7 2241.04 152658 154899 300
684.8 2241.04 152658 154899 300
684.9 2241.04 152658 154899 300
685 2241.04 152658 154899 300
685.1 2241.04 152657 154898 300
685.2 2241.04 152658 154899 300
685.3 2241.04 152658 154899 300
685.4 2241.04 152657 154898 300
685.5 2241.04 152658 154899 300
685.6 2241.04 152657 154898 300
685.7 2241.04 152658 154899 300
685.8 2241.04 152657 154898 300
685.9 2241.04 152658 154899 300
686 2241.04 152659 154900 300
686.1 2241.04 152658 154899 300
686.2 2241.04 152658 154899 300
686.3 2241.04 152658 154899 300
686.4 2241.04 152659 154900 300
686.5 2241.04 152659 154900 300
686.6 2241.04 152659 154900 300
686.7 2241.04 152659 154900 300
686.8 2241.04 152659 154900 300
686.9 2241.04 152659 154900 300
687 2241.04 152659 154900 300
687.1 2241.04 152659 154900 300
687.2 2241.04 152659 154900 300
687.3 2241.04 152658 154899 300
687.4 2241.04 152661 154902 300
687.5 2241.04 152658 154899 300
687.6 2241.04 152658 154900 300
687.7 2241.04 152659 154900 300
687.8 2241.04 152659 154900 300
687.9 2241.04 152659 154900 300
688 2241.04 152658 154899 300
688.1 2241.04 152658 154899 300
688.2 2241.04 152659 154900 300
688.3 2241.04 152658 154899 300
688.4 2241.04 152658 154899 300
688.5 2241.04 152658 154899 300
688.6 2241.04 152658 154899 300
688.7 2241.04 152658 154900 300
688.8 2241.04 152658 154899 300
688.9 2241.04 152659 154900 300
689 2241.04 152659 154900 300
689.1 2241.04 152660 154901 300
689.2 2241.04 152660 154901 300
689.3 2241.04 152660 154901 300
689.4 2241.04 152660 154901 300
689.5 2241.04 152660 154901 300
689.6 2241.04 152660 154901 300
689.7 2241.04 152660 154901 300
689.8 2241.04 152660 154901 300
689.9 2241.04 152660 154901 300
690 2241.04 152660 154901 300
690.1 2241.04 152660 154901 300
690.2 2241.04 152660 154901 300
690.3 2241.04 152660 154901 300
690.4 2241.04 152660 154901 300
690.5 2241.04 152660 154901 300
690.6 2241.04 152660 154901 300
690.7 2241.04 152660 154901 300
690.8 2241.04 152660 154901 300
690.9 2241.04 152660 154901 300
691 2241.04 152659 154901 300
691.1 2241.04 152659 154901 300
691.2 2241.04 152659 154900 300
691.3 2241.04 152660 154901 300
691.4 2241.04 152660 154901 300
691.5 2241.04 152659 154900 300
691.6 2241.04 152659 154901 300
691.7 2241.04 152660 154901 300
691.8 2241.04 152660 154901 300
691.9 2241.04 152660 154901 300
692 2241.04 152659 154900 300
692.1 2241.04 152661 154902 300
692.2 2241.04 152659 154900 300
692.3 2241.04 152659 154900 300
692.4 2241.04 152659 154900 300
692.5 2241.04 152659 154900 300
692.6 2241.04 152659 154900 300
692.7 2241.04 152659 154900 300
692.8 2241.04 152659 154900 300
692.9 2241.04 152659 154900 300
693 2241.04 152659 154900 300
693.1 2241.04 152659 154900 300
693.2 2241.04 152659 154900 300
693.3 2241.04 152658 154899 300
693.4 2241.04 152658 154899 300
693.5 2241.04 152658 154899 300
693.6 2241.04 152658 154899 300
693.7 2241.04 152658 154899 300
693.8 2241.04 152657 154898 300
693.9 2241.04 152657 154898 300
694 2241.04 152657 154898 300
694.1 2241.04 152658 154899 300
694.2 2241.04 152658 154899 300
694.3 2241.04 152658 154899 300
694.4 2241.04 152658 154899 300
694.5 2241.04 152658 154899 300
694.6 2241.04 152658 154899 300
694.7 2241.04 152664 154905 300
694.8 2241.04 152658 154899 300
694.9 2241.04 152658 154899 300
695 2241.04 152658 154899 300
695.1 2241.04 152659 154900 300
695.2 2241.04 152659 154900 300
695.3 2241.04 152659 154900 300
695.4 2241.04 152659 154900 300
695.5 2241.04 152659 154900 300
695.6 2241.04 152660 154901 300
695.7 2241.04 152659 154900 300
695.8 2241.04 152659 154900 300
695.9 2241.04 152659 154900 300
696 2241.04 152659 154900 300
696.1 2241.04 152659 154900 300
696.2 2241.04 152659 154900 300
696.3 2241.04 152658 154899 300
696.4 2241.04 152659 154900 300
696.5 2241.04 152659 154900 300
696.6 2241.04 152659 154900 300
696.7 2241.04 152659 154900 300
696.8 2241.04 152659 154900 300
696.9 2241.04 152660 154901 300
697 2241.04 152659 154900 300
697.1 2241.04 152659 154900 300
697.2 2241.04 152659 154900 300
697.3 2241.04 152659 154900 300
697.4 2241.04 152659 154900 300
697.5 2241.04 152659 154900 300
697.6 2241.04 152659 154900 300
697.7 2241.04 152658 154899 300
697.8 2241.04 152658 154899 300
697.9 2241.04 152659 154900 300
698 2241.04 152659 154900 300
698.1 2241.04 152659 154900 300
698.2 2241.04 152659 154900 300
698.3 2241.04 152659 154900 300
698.4 2241.04 152659 154900 300
698.5 2241.04 152659 154900 300
698.6 2241.04 152658 154899 300
698.7 2241.04 152665 154906 300
698.8 2241.04 152658 154899 300
698.9 2241.04 152658 154900 300
699 2241.04 152658 154899 300
699.1 2241.04 152658 154899 300
699.2 2241.04 152657 154898 300
699.3 2241.04 152659 154900 300
699.4 2241.04 152658 154899 300
699.5 2241.04 152657 154898 300
699.6 2241.04 152657 154898 300
699.7 2241.04 152658 154899 300
699.8 2241.04 152658 154899 300
699.9 2241.04 152658 154899 300
700 2241.04 152658 154899 300
700.1 2241.04 152659 154900 300
700.2 2241.04 152659 154900 300
700.3 2241.04 152659 154900 300
700.4 2241.04 152659 154900 300
700.5 2241.04 152659 154900 300
700.6 2241.04 152668 154909 300
700.7 2241.04 152659 154900 300
700.8 2241.04 152659 154900 300
700.9 2241.04 152659 154900 300
701 2241.04 152660 154901 300
701.1 2241.04 152659 154900 300
701.2 2241.04 152659 154900 300
701.3 2241.04 152659 154900 300
701.4 2241.04 152659 154900 300
701.5 2241.04 152677 154918 300
701.6 2241.04 152658 154899 300
701.7 2241.04 152658 154899 300
701.8 2241.04 152659 154900 300
701.9 2241.04 152658 154899 300
702 2241.04 152658 154899 300
702.1 2241.04 152658 154899 300
702.2 2241.04 152659 154900 300
702.3 2241.04 152659 154900 300
702.4 2241.04 152659 154900 300
702.5 2241.04 152659 154900 300
702.6 2241.04 152659 154900 300
702.7 2241.04 152659 154900 300
702.8 2241.04 152659 154900 300
702.9 2241.04 152659 154900 300
703 2241.04 152659 154900 300
703.1 2241.04 152659 154900 300
703.2 2241.04 152659 154900 300
703.3 2241.04 152660 154901 300
703.4 2241.04 152660 154901 300
703.5 2241.04 152660 154901 300
703.6 2241.04 152660 154901 300
703.7 2241.04 152660 154901 300
703.8 2241.04 152660 154901 300
703.9 2241.04 152659 154900 300
704 2241.04 152658 154899 300
704.1 2241.04 152657 154898 300
704.2 2241.04 152656 154897 300
704.3 2241.04 152656 154897 300
704.4 2241.04 152657 154898 300
704.5 2241.04 152657 154898 300
704.6 2241.04 152658 154899 300
704.7 2241.04 152658 154899 300
704.8 2241.04 152659 154900 300
704.9 2241.04 152658 154899 300
705 2241.04 152658 154899 300
705.1 2241.04 152658 154899 300
705.2 2241.04 152657 154899 300
705.3 2241.04 152657 154898 300
705.4 2241.04 152659 154900 300
705.5 2241.04 152659 154900 300
705.6 2241.04 152659 154900 300
705.7 2241.04 152659 154901 300
705.8 2241.04 152660 154901 300
705.9 2241.04 152660 154901 300
706 2241.04 152660 154901 300
706.1 2241.04 152660 154901 300
706.2 2241.04 152660 154901 300
706.3 2241.04 152660 154901 300
706.4 2241.04 152660 154901 300
706.5 2241.04 152660 154901 300
706.6 2241.04 152660 154901 300
706.7 2241.04 152660 154901 300
706.8 2241.04 152660 154901 300
706.9 2241.04 152660 154901 300
707 2241.04 152660 154901 300
707.1 2241.04 152660 154901 300
707.2 2241.04 152660 154901 300
707.3 2241.04 152660 154901 300
707.4 2241.04 152660 154901 300
707.5 2241.04 152660 154901 300
707.6 2241.04 152660 154901 300
707.7 2241.04 152660 154901 300
707.8 2241.04 152659 154900 300
707.9 2241.04 152660 154901 300
708 2241.04 152660 154901 300
708.1 2241.04 152660 154901 300
708.2 2241.04 152660 154901 300
708.3 2241.04 152660 154901 300
708.4 2241.04 152659 154900 300
708.5 2241.04 152661 154902 300
708.6 2241.04 152659 154900 300
708.7 2241.04 152659 154900 300
708.8 2241.04 152670 154911 300
708.9 2241.04 152659 154900 300
709 2241.04 152659 154900 300
709.1 2241.04 152660 154901 300
709.2 2241.04 152660 154901 300
709.3 2241.04 152660 154901 300
709.4 2241.04 152660 154901 300
709.5 2241.04 152659 154900 300
709.6 2241.04 152659 154900 300
709.7 2241.04 152659 154900 300
709.8 2241.04 152658 154899 300
709.9 2241.04 152659 154900 300
710 2241.04 152666 154907 300
710.1 2241.04 152659 154900 300
710.2 2241.04 152659 154900 300
710.3 2241.04 152659 154900 300
710.4 2241.04 152659 154900 300
710.5 2241.04 152659 154900 300
710.6 2241.04 152659 154900 300
710.7 2241.04 152659 154900 300
710.8 2241.04 152660 154901 300
710.9 2241.04 152660 154901 300
711 2241.04 152658 154899 300
711.1 2241.04 152659 154900 300
711.2 2241.04 152659 154900 300
711.3 2241.04 152660 154901 300
711.4 2241.04 152660 154901 300
711.5 2241.04 152660 154901 300
711.6 2241.04 152660 154901 300
711.7 2241.04 152660 154901 300
711.8 2241.04 152659 154900 300
711.9 2241.04 152659 154900 300
712 2241.04 152659 154900 300
712.1 2241.04 152659 154900 300
712.2 2241.04 152658 154899 300
712.3 2241.04 152660 154901 300
712.4 2241.04 152663 154904 300
712.5 2241.04 152659 154900 300
712.6 2241.04 152658 154899 300
712.7 2241.04 152659 154900 300
712.8 2241.04 152659 154900 300
712.9 2241.04 152660 154901 300
713 2241.04 152659 154900 300
713.1 2241.04 152659 154900 300
713.2 2241.04 152659 154900 300
713.3 2241.04 152659 154900 300
713.4 2241.04 152659 154900 300
713.5 2241.04 152659 154900 300
713.6 2241.04 152659 154900 300
713.7 2241.04 152659 154900 300
713.8 2241.04 152659 154900 300
713.9 2241.04 152659 154900 300
714 2241.04 152658 154899 300
714.1 2241.04 152659 154900 300
714.2 2241.04 152660 154901 300
714.3 2241.04 152660 154901 300
714.4 2241.04 152659 154900 300
714.5 2241.04 152664 154905 300
714.6 2241.04 152659 154900 300
714.7 2241.04 152660 154901 300
714.8 2241.04 152660 154901 300
714.9 2241.04 152660 154901 300
715 2241.04 152660 154901 300
715.1 2241.04 152660 154901 300
715.2 2241.04 152660 154901 300
715.3 2241.04 152660 154901 300
715.4 2241.04 152660 154901 300
715.5 2241.04 152660 154901 300
715.6 2241.04 152659 154900 300
715.7 2241.04 152659 154900 300
715.8 2241.04 152660 154901 300
715.9 2241.04 152660 154901 300
716 2241.04 152660 154901 300
716.1 2241.04 152659 154900 300
716.2 2241.04 152659 154900 300
716.3 2241.04 152659 154900 300
716.4 2241.04 152658 154899 300
716.5 2241.04 152658 154899 300
716.6 2241.04 152658 154899 300
716.7 2241.04 152659 154900 300
716.8 2241.04 152658 154900 300
716.9 2241.04 152659 154900 300
717 2241.04 152658 154899 300
717.1 2241.04 152658 154899 300
717.2 2241.04 152659 154900 300
717.3 2241.04 152659 154900 300
717.4 2241.04 152659 154900 300
717.5 2241.04 152659 154900 300
717.6 2241.04 152659 154900 300
717.7 2241.04 152659 154900 300
717.8 2241.04 152659 154900 300
717.9 2241.04 152658 154899 300
718 2241.04 152658 154899 300
718.1 2241.04 152658 154899 300
718.2 2241.04 152658 154899 300
718.3 2241.04 152659 154900 300
718.4 2241.04 152659 154900 300
718.5 2241.04 152659 154900 300
718.6 2241.04 152659 154900 300
718.7 2241.04 152659 154900 300
718.8 2241.04 152659 154900 300
718.9 2241.04 152659 154900 300
719 2241.04 152659 154900 300
719.1 2241.04 152659 154900 300
719.2 2241.04 152658 154899 300
719.3 2241.04 152658 154899 300
719.4 2241.04 152658 154899 300
719.5 2241.04 152658 154899 300
719.6 2241.04 152658 154899 300
719.7 2241.04 152658 154899 300
719.8 2241.04 152658 154899 300
719.9 2241.04 152657 154898 300
720 2241.04 152657 154898 300
720.1 2241.04 152658 154899 300
720.2 2241.04 152658 154900 300
720.3 2241.04 152658 154899 300
720.4 2241.04 152658 154899 300
720.5 2241.04 152659 154900 300
720.6 2241.04 152659 154900 300
720.7 2241.04 152659 154900 300
720.8 2241.04 152659 154900 300
720.9 2241.04 152659 154900 300
721 2241.04 152658 154899 300
721.1 2241.04 152658 154899 300
721.2 2241.04 152658 154899 300
721.3 2241.04 152658 154899 300
721.4 2241.04 152658 154899 300
721.5 2241.04 152658 154899 300
721.6 2241.04 152658 154899 300
721.7 2241.04 152659 154900 300
721.8 2241.04 152659 154900 300
721.9 2241.04 152659 154900 300
722 2241.04 152658 154899 300
722.1 2241.04 152658 154899 300
722.2 2241.04 152659 154900 300
722.3 2241.04 152659 154900 300
722.4 2241.04 152659 154900 300
722.5 2241.04 152659 154900 300
722.6 2241.04 152659 154900 300
722.7 2241.04 152659 154900 300
722.8 2241.04 152659 154900 300
722.9 2241.04 152660 154901 300
723 2241.04 152659 154900 300
723.1 2241.04 152659 154900 300
723.2 2241.04 152660 154901 300
723.3 2241.04 152660 154901 300
723.4 2241.04 152660 154901 300
723.5 2241.04 152660 154901 300
723.6 2241.04 152660 154901 300
723.7 2241.04 152660 154901 300
723.8 2241.04 152660 154901 300
723.9 2241.04 152659 154900 300
724 2241.04 152659 154900 300
724.1 2241.04 152659 154900 300
724.2 2241.04 152658 154899 300
724.3 2241.04 152660 154901 300
724.4 2241.04 152658 154899 300
724.5 2241.04 152658 154899 300
724.6 2241.04 152658 154899 300
724.7 2241.04 152659 154900 300
724.8 2241.04 152659 154900 300
724.9 2241.04 152659 154900 300
725 2241.04 152659 154900 300
725.1 2241.04 152659 154900 300
725.2 2241.04 152659 154900 300
725.3 2241.04 152661 154902 300
725.4 2241.04 152658 154899 300
725.5 2241.04 152658 154899 300
725.6 2241.04 152658 154899 300
725.7 2241.04 152658 154899 300
725.8 2241.04 152660 154901 300
725.9 2241.04 152665 154906 300
726 2241.04 152659 154900 300
726.1 2241.04 152659 154900 300
726.2 2241.04 152662 154903 300
726.3 2241.04 152659 154900 300
726.4 2241.04 152659 154900 300
726.5 2241.04 152660 154901 300
726.6 2241.04 152660 154901 300
726.7 2241.04 152660 154901 300
726.8 2241.04 152660 154901 300
726.9 2241.04 152660 154901 300
727 2241.04 152660 154901 300
727.1 2241.04 152660 154901 300
727.2 2241.04 152660 154901 300
727.3 2241.04 152660 154901 300
727.4 2241.04 152660 154901 300
727.5 2241.04 152660 154901 300
727.6 2241.04 152660 154901 300
727.7 2241.04 152659 154900 300
727.8 2241.04 152659 154900 300
727.9 2241.04 152659 154901 300
728 2241.04 152659 154900 300
728.1 2241.04 152659 154900 300
728.2 2241.04 152659 154900 300
728.3 2241.04 152659 154900 300
728.4 2241.04 152659 154900 300
728.5 2241.04 152659 154900 300
728.6 2241.04 152659 154900 300
728.7 2241.04 152659 154900 300
728.8 2241.04 152659 154900 300
728.9 2241.04 152659 154900 300
729 2241.04 152658 154899 300
729.1 2241.04 152665 154906 300
729.2 2241.04 152661 154902 300
729.3 2241.04 152657 154898 300
729.4 2241.04 152658 154899 300
729.5 2241.04 152658 154899 300
729.6 2241.04 152658 154899 300
729.7 2241.04 152658 154899 300
729.8 2241.04 152658 154899 300
729.9 2241.04 152658 154899 300
730 2241.04 152658 154899 300
730.1 2241.04 152658 154899 300
730.2 2241.04 152658 154899 300
730.3 2241.04 152658 154899 300
730.4 2241.04 152659 154900 300
730.5 2241.04 152658 154899 300
730.6 2241.04 152659 154900 300
730.7 2241.04 152658 154899 300
730.8 2241.04 152658 154899 300
730.9 2241.04 152658 154899 300
731 2241.04 152657 154898 300
731.1 2241.04 152657 154898 300
731.2 2241.04 152659 154900 300
731.3 2241.04 152659 154900 300
731.4 2241.04 152659 154900 300
731.5 2241.04 152659 154900 300
731.6 2241.04 152659 154900 300
731.7 2241.04 152659 154900 300
731.8 2241.04 152658 154899 300
731.9 2241.04 152658 154899 300
732 2241.04 152659 154900 300
732.1 2241.04 152659 154900 300
732.2 2241.04 152662 154903 300
732.3 2241.04 152659 154900 300
732.4 2241.04 152659 154900 300
732.5 2241.04 152659 154900 300
732.6 2241.04 152659 154900 300
732.7 2241.04 152659 154900 300
732.8 2241.04 152659 154900 300
732.9 2241.04 152659 154900 300
733 2241.04 152658 154899 300
733.1 2241.04 152657 154898 300
733.2 2241.04 152660 154901 300
733.3 2241.04 152658 154899 300
733.4 2241.04 152658 154899 300
733.5 2241.04 152658 154899 300
733.6 2241.04 152658 154899 300
733.7 2241.04 152658 154899 300
733.8 2241.04 152659 154900 300
733.9 2241.04 152658 154899 300
734 2241.04 152658 154899 300
734.1 2241.04 152659 154900 300
734.2 2241.04 152659 154900 300
734.3 2241.04 152659 154900 300
734.4 2241.04 152658 154899 300
734.5 2241.04 152658 154899 300
734.6 2241.04 152659 154900 300
734.7 2241.04 152659 154900 300
734.8 2241.04 152659 154900 300
734.9 2241.04 152659 154900 300
735 2241.04 152659 154900 300
735.1 2241.04 152659 154900 300
735.2 2241.04 152659 154900 300
735.3 2241.04 152659 154900 300
735.4 2241.04 152659 154900 300
735.5 2241.04 152659 154900 300
735.6 2241.04 152659 154900 300
735.7 2241.04 152659 154900 300
735.8 2241.04 152659 154900 300
735.9 2241.04 152658 154899 300
736 2241.04 152660 154901 300
736.1 2241.04 152658 154899 300
736.2 2241.04 152659 154900 300
736.3 2241.04 152659 154900 300
736.4 2241.04 152660 154901 300
736.5 2241.04 152660 154901 300
736.6 2241.04 152660 154901 300
736.7 2241.04 152660 154901 300
736.8 2241.04 152660 154901 300
736.9 2241.04 152660 154901 300
737 2241.04 152659 154900 300
737.1 2241.04 152661 154902 300
737.2 2241.04 152660 154901 300
737.3 2241.04 152660 154901 300
737.4 2241.04 152660 154901 300
737.5 2241.04 152660 154901 300
737.6 2241.04 152659 154900 300
737.7 2241.04 152659 154900 300
737.8 2241.04 152661 154902 300
737.9 2241.04 152659 154900 300
738 2241.04 152660 154901 300
738.1 2241.04 152660 154901 300
738.2 2241.04 152660 154901 300
738.3 2241.04 152660 154901 300
738.4 2241.04 152660 154901 300
738.5 2241.04 152660 154901 300
738.6 2241.04 152660 154901 300
738.7 2241.04 152659 154900 300
738.8 2241.04 152659 154900 300
738.9 2241.04 152659 154900 300
739 2241.04 152659 154900 300
739.1 2241.04 152659 154900 300
739.2 2241.04 152660 154901 300
739.3 2241.04 152659 154900 300
739.4 2241.04 152659 154900 300
739.5 2241.04 152659 154900 300
739.6 2241.04 152662 154903 300
739.7 2241.04 152659 154900 300
739.8 2241.04 152659 154900 300
739.9 2241.04 152659 154900 300
740 2241.04 152659 154900 300
740.1 2241.04 152659 154900 300
740.2 2241.04 152659 154900 300
740.3 2241.04 152659 154900 300
740.4 2241.04 152659 154900 300
740.5 2241.04 152659 154900 300
740.6 2241.04 152659 154900 300
740.7 2241.04 152659 154900 300
740.8 2241.04 152659 154900 300
740.9 2241.04 152665 154906 300
741 2241.04 152660 154901 300
741.1 2241.04 152660 154901 300
741.2 2241.04 152660 154901 300
741.3 2241.04 152659 154900 300
741.4 2241.04 152671 154912 300
741.5 2241.04 152663 154904 300
741.6 2241.04 152659 154900 300
741.7 2241.04 152659 154900 300
741.8 2241.04 152660 154901 300
741.9 2241.04 152660 154901 300
742 2241.04 152660 154901 300
742.1 2241.04 152661 154902 300
742.2 2241.04 152659 154900 300
742.3 2241.04 152660 154901 300
742.4 2241.04 152660 154901 300
742.5 2241.04 152660 154901 300
742.6 2241.04 152660 154901 300
742.7 2241.04 152660 154901 300
742.8 2241.04 152660 154901 300
742.9 2241.04 152660 154901 300
743 2241.04 152660 154901 300
743.1 2241.04 152660 154901 300
743.2 2241.04 152660 154901 300
743.3 2241.04 152660 154901 300
743.4 2241.04 152659 154900 300
743.5 2241.04 152659 154900 300
743.6 2241.04 152659 154900 300
743.7 2241.04 152659 154900 300
743.8 2241.04 152659 154900 300
743.9 2241.04 152659 154900 300
744 2241.04 152659 154900 300
744.1 2241.04 152659 154900 300
744.2 2241.04 152660 154901 300
744.3 2241.04 152658 154899 300
744.4 2241.04 152659 154900 300
744.5 2241.04 152659 154900 300
744.6 2241.04 152659 154900 300
744.7 2241.04 152659 154900 300
744.8 2241.04 152665 154906 300
744.9 2241.04 152659 154900 300
745 2241.04 152659 154900 300
745.1 2241.04 152659 154900 300
745.2 2241.04 152659 154900 300
745.3 2241.04 152659 154900 300
745.4 2241.04 152659 154900 300
745.5 2241.04 152659 154900 300
745.6 2241.04 152659 154900 300
745.7 2241.04 152659 154900 300
745.8 2241.04 152660 154901 300
745.9 2241.04 152660 154901 300
746 2241.04 152660 154901 300
746.1 2241.04 152660 154901 300
746.2 2241.04 152660 154901 300
746.3 2241.04 152660 154901 300
746.4 2241.04 152660 154901 300
746.5 2241.04 152660 154901 300
746.6 2241.04 152660 154901 300
746.7 2241.04 152660 154901 300
746.8 2241.04 152660 154901 300
746.9 2241.04 152660 154901 300
747 2241.04 152660 154901 300
747.1 2241.04 152659 154900 300
747.2 2241.04 152659 154900 300
747.3 2241.04 152659 154900 300
747.4 2241.04 152660 154901 300
747.5 2241.04 152659 154900 300
747.6 2241.04 152659 154900 300
747.7 2241.04 152660 154901 300
747.8 2241.04 152660 154901 300
747.9 2241.04 152660 154901 300
748 2241.04 152660 154901 300
748.1 2241.04 152660 154901 300
748.2 2241.04 152660 154901 300
748.3 2241.04 152660 154901 300
748.4 2241.04 152660 154901 300
748.5 2241.04 152660 154901 300
748.6 2241.04 152660 154901 300
748.7 2241.04 152659 154901 300
748.8 2241.04 152659 154900 300
748.9 2241.04 152659 154900 300
749 2241.04 152659 154900 300
749.1 2241.04 152658 154899 300
749.2 2241.04 152659 154900 300
749.3 2241.04 152659 154900 300
749.4 2241.04 152659 154900 300
749.5 2241.04 152659 154900 300
749.6 2241.04 152659 154900 300
749.7 2241.04 152659 154900 300
749.8 2241.04 152659 154900 300
749.9 2241.04 152659 154900 300
750 2241.04 152659 154900 300
750.1 2241.04 152659 154900 300
750.2 2241.04 152659 154900 300
750.3 2241.04 152659 154900 300
750.4 2241.04 152659 154900 300
750.5 2241.04 152659 154900 300
750.6 2241.04 152659 154900 300
750.7 2241.04 152660 154901 300
750.8 2241.04 152659 154900 300
750.9 2241.04 152659 154900 300
751 2241.04 152659 154901 300
751.1 2241.04 152660 154901 300
751.2 2241.04 152660 154901 300
751.3 2241.04 152660 154901 300
751.4 2241.04 152660 154901 300
751.5 2241.04 152660 154901 300
751.6 2241.04 152660 154901 300
751.7 2241.04 152660 154901 300
751.8 2241.04 152660 154901 300
751.9 2241.04 152660 154901 300
752 2241.04 152659 154900 300
752.1 2241.04 152659 154900 300
752.2 2241.04 152659 154900 300
752.3 2241.04 152659 154900 300
752.4 2241.04 152659 154900 300
752.5 2241.04 152659 154900 300
752.6 2241.04 152659 154900 300
752.7 2241.04 152659 154900 300
752.8 2241.04 152658 154899 300
752.9 2241.04 152659 154900 300
753 2241.04 152659 154900 300
753.1 2241.04 152659 154900 300
753.2 2241.04 152661 154902 300
753.3 2241.04 152659 154900 300
753.4 2241.04 152660 154901 300
753.5 2241.04 152660 154901 300
753.6 2241.04 152660 154901 300
753.7 2241.04 152659 154900 300
753.8 2241.04 152659 154900 300
753.9 2241.04 152663 154904 300
754 2241.04 152658 154899 300
754.1 2241.04 152658 154899 300
754.2 2241.04 152659 154900 300
754.3 2241.04 152659 154900 300
754.4 2241.04 152659 154900 300
754.5 2241.04 152659 154900 300
754.6 2241.04 152659 154900 300
754.7 2241.04 152659 154900 300
754.8 2241.04 152659 154900 300
754.9 2241.04 152659 154900 300
755 2241.04 152660 154901 300
755.1 2241.04 152659 154900 300
755.2 2241.04 152659 154900 300
755.3 2241.04 152659 154900 300
755.4 2241.04 152659 154900 300
755.5 2241.04 152659 154900 300
755.6 2241.04 152659 154900 300
755.7 2241.04 152659 154900 300
755.8 2241.04 152659 154900 300
755.9 2241.04 152659 154900 300
756 2241.04 152659 154900 300
756.1 2241.04 152658 154900 300
756.2 2241.04 152659 154900 300
756.3 2241.04 152659 154900 300
756.4 2241.04 152658 154899 300
756.5 2241.04 152660 154901 300
756.6 2241.04 152658 154899 300
756.7 2241.04 152659 154900 300
756.8 2241.04 152660 154901 300
756.9 2241.04 152659 154900 300
757 2241.04 152659 154900 300
757.1 2241.04 152659 154900 300
757.2 2241.04 152659 154900 300
757.3 2241.04 152659 154900 300
757.4 2241.04 152659 154900 300
757.5 2241.04 152659 154900 300
757.6 2241.04 152659 154900 300
757.7 2241.04 152659 154900 300
757.8 2241.04 152659 154900 300
757.9 2241.04 152659 154900 300
758 2241.04 152659 154900 300
758.1 2241.04 152659 154900 300
758.2 2241.04 152659 154900 300
758.3 2241.04 152660 154901 300
758.4 2241.04 152660 154901 300
758.5 2241.04 152660 154901 300
758.6 2241.04 152659 154900 300
758.7 2241.04 152659 154900 300
758.8 2241.04 152659 154900 300
758.9 2241.04 152659 154901 300
759 2241.04 152659 154901 300
759.1 2241.04 152660 154901 300
759.2 2241.04 152659 154901 300
759.3 2241.04 152659 154900 300
759.4 2241.04 152659 154900 300
759.5 2241.04 152659 154900 300
759.6 2241.04 152659 154900 300
759.7 2241.04 152660 154901 300
759.8 2241.04 152659 154900 300
759.9 2241.04 152659 154900 300
760 2241.04 152659 154900 300
760.1 2241.04 152660 154901 300
760.2 2241.04 152659 154900 300
760.3 2241.04 152659 154900 300
760.4 2241.04 152659 154900 300
760.5 2241.04 152660 154901 300
760.6 2241.04 152660 154901 300
760.7 2241.04 152659 154900 300
760.8 2241.04 152658 154900 300
760.9 2241.04 152661 154902 300
761 2241.04 152658 154899 300
761.1 2241.04 152659 154900 300
761.2 2241.04 152659 154900 300
761.3 2241.04 152659 154900 300
761.4 2241.04 152659 154900 300
761.5 2241.04 152659 154900 300
761.6 2241.04 152659 154900 300
761.7 2241.04 152659 154900 300
761.8 2241.04 152659 154900 300
761.9 2241.04 152659 154900 300
762 2241.04 152659 154900 300
762.1 2241.04 152658 154899 300
762.2 2241.04 152658 154899 300
762.3 2241.04 152660 154901 300
762.4 2241.04 152659 154900 300
762.5 2241.04 152660 154901 300
762.6 2241.04 152660 154901 300
762.7 2241.04 152660 154901 300
762.8 2241.04 152660 154901 300
762.9 2241.04 152660 154901 300
763 2241.04 152660 154901 300
763.1 2241.04 152660 154901 300
763.2 2241.04 152660 154901 300
763.3 2241.04 152660 154901 300
763.4 2241.04 152660 154901 300
763.5 2241.04 152659 154900 300
763.6 2241.04 152659 154900 300
763.7 2241.04 152658 154900 300
763.8 2241.04 152658 154900 300
763.9 2241.04 152659 154900 300
764 2241.04 152658 154899 300
764.1 2241.04 152658 154899 300
764.2 2241.04 152659 154900 300
764.3 2241.04 152659 154900 300
764.4 2241.04 152659 154900 300
764.5 2241.04 152659 154900 300
764.6 2241.04 152659 154900 300
764.7 2241.04 152661 154902 300
764.8 2241.04 152658 154899 300
764.9 2241.04 152659 154900 300
765 2241.04 152659 154900 300
765.1 2241.04 152660 154901 300
765.2 2241.04 152660 154901 300
765.3 2241.04 152660 154901 300
765.4 2241.04 152659 154900 300
765.5 2241.04 152659 154900 300
765.6 2241.04 152659 154900 300
765.7 2241.04 152659 154900 300
765.8 2241.04 152659 154900 300
765.9 2241.04 152659 154900 300
766 2241.04 152659 154900 300
766.1 2241.04 152658 154899 300
766.2 2241.04 152659 154900 300
766.3 2241.04 152659 154900 300
766.4 2241.04 152659 154900 300
766.5 2241.04 152659 154900 300
766.6 2241.04 152659 154900 300
766.7 2241.04 152659 154901 300
766.8 2241.04 152659 154901 300
766.9 2241.04 152660 154901 300
767 2241.04 152660 154901 300
767.1 2241.04 152660 154901 300
767.2 2241.04 152659 154901 300
767.3 2241.04 152659 154900 300
767.4 2241.04 152659 154900 300
767.5 2241.04 152659 154900 300
767.6 2241.04 152659 154900 300
767.7 2241.04 152659 154900 300
767.8 2241.04 152660 154901 300
767.9 2241.04 152658 154899 300
768 2241.04 152659 154900 300
768.1 2241.04 152659 154900 300
768.2 2241.04 152658 154899 300
768.3 2241.04 152657 154898 300
768.4 2241.04 152661 154902 300
768.5 2241.04 152657 154898 300
768.6 2241.04 152659 154900 300
768.7 2241.04 152659 154900 300
768.8 2241.04 152659 154900 300
768.9 2241.04 152659 154900 300
769 2241.04 152659 154900 300
769.1 2241.04 152660 154901 300
769.2 2241.04 152660 154901 300
769.3 2241.04 152659 154900 300
769.4 2241.04 152661 154902 300
769.5 2241.04 152659 154900 300
769.6 2241.04 152660 154901 300
769.7 2241.04 152660 154901 300
769.8 2241.04 152660 154901 300
769.9 2241.04 152660 154901 300
770 2241.04 152660 154901 300
770.1 2241.04 152660 154901 300
770.2 2241.04 152660 154901 300
770.3 2241.04 152660 154901 300
770.4 2241.04 152659 154900 300
770.5 2241.04 152661 154902 300
770.6 2241.04 152659 154900 300
770.7 2241.04 152660 154901 300
770.8 2241.04 152660 154901 300
770.9 2241.04 152660 154901 300
771 2241.04 152659 154900 300
771.1 2241.04 152659 154900 300
771.2 2241.04 152660 154901 300
771.3 2241.04 152659 154900 300
771.4 2241.04 152659 154900 300
771.5 2241.04 152659 154900 300
771.6 2241.04 152660 154901 300
771.7 2241.04 152659 154900 300
771.8 2241.04 152659 154900 300
771.9 2241.04 152662 154903 300
772 2241.04 152659 154900 300
772.1 2241.04 152664 154905 300
772.2 2241.04 152659 154900 300
772.3 2241.04 152659 154900 300
772.4 2241.04 152659 154900 300
772.5 2241.04 152659 154900 300
772.6 2241.04 152659 154900 300
772.7 2241.04 152659 154901 300
772.8 2241.04 152659 154900 300
772.9 2241.04 152660 154901 300
773 2241.04 152659 154900 300
773.1 2241.04 152659 154900 300
773.2 2241.04 152659 154900 300
773.3 2241.04 152659 154900 300
773.4 2241.04 152660 154901 300
773.5 2241.04 152660 154901 300
773.6 2241.04 152660 154901 300
773.7 2241.04 152660 154901 300
773.8 2241.04 152660 154901 300
773.9 2241.04 152660 154901 300
774 2241.04 152660 154901 300
774.1 2241.04 152660 154901 300
774.2 2241.04 152659 154900 300
774.3 2241.04 152659 154900 300
774.4 2241.04 152659 154900 300
774.5 2241.04 152658 154899 300
774.6 2241.04 152659 154900 300
774.7 2241.04 152659 154900 300
774.8 2241.04 152659 154900 300
774.9 2241.04 152659 154900 300
775 2241.04 152658 154899 300
775.1 2241.04 152658 154899 300
775.2 2241.04 152658 154899 300
775.3 2241.04 152660 154901 300
775.4 2241.04 152658 154899 300
775.5 2241.04 152659 154900 300
775.6 2241.04 152658 154899 300
775.7 2241.04 152659 154900 300
775.8 2241.04 152659 154900 300
775.9 2241.04 152659 154900 300
776 2241.04 152659 154900 300
776.1 2241.04 152659 154900 300
776.2 2241.04 152658 154899 300
776.3 2241.04 152660 154901 300
776.4 2241.04 152659 154900 300
776.5 2241.04 152658 154899 300
776.6 2241.04 152659 154900 300
776.7 2241.04 152659 154900 300
776.8 2241.04 152659 154900 300
776.9 2241.04 152659 154900 300
777 2241.04 152659 154900 300
777.1 2241.04 152659 154900 300
777.2 2241.04 152659 154900 300
777.3 2241.04 152659 154900 300
777.4 2241.04 152659 154900 300
777.5 2241.04 152659 154900 300
777.6 2241.04 152659 154900 300
777.7 2241.04 152659 154900 300
777.8 2241.04 152658 154899 300
777.9 2241.04 152659 154900 300
778 2241.04 152659 154900 300
778.1 2241.04 152659 154900 300
778.2 2241.04 152660 154901 300
778.3 2241.04 152659 154900 300
778.4 2241.04 152660 154901 300
778.5 2241.04 152660 154901 300
778.6 2241.04 152660 154901 300
778.7 2241.04 152659 154900 300
778.8 2241.04 152659 154900 300
778.9 2241.04 152659 154900 300
779 2241.04 152659 154900 300
779.1 2241.04 152659 154900 300
779.2 2241.04 152659 154900 300
779.3 2241.04 152660 154901 300
779.4 2241.04 152660 154901 300
779.5 2241.04 152659 154900 300
779.6 2241.04 152659 154900 300
779.7 2241.04 152658 154900 300
779.8 2241.04 152659 154900 300
779.9 2241.04 152657 154898 300
780 2241.04 152659 154901 300
780.1 2241.04 152658 154899 300
780.2 2241.04 152659 154900 300
780.3 2241.04 152659 154900 300
780.4 2241.04 152659 154900 300
780.5 2241.04 152659 154900 300
780.6 2241.04 152659 154900 300
780.7 2241.04 152659 154900 300
780.8 2241.04 152659 154900 300
780.9 2241.04 152659 154900 300
781 2241.04 152659 154900 300
781.1 2241.04 152659 154900 300
781.2 2241.04 152659 154900 300
781.3 2241.04 152659 154900 300
781.4 2241.04 152659 154900 300
781.5 2241.04 152659 154900 300
781.6 2241.04 152659 154900 300
781.7 2241.04 152659 154900 300
781.8 2241.04 152658 154899 300
781.9 2241.04 152658 154899 300
782 2241.04 152659 154900 300
782.1 2241.04 152659 154900 300
782.2 2241.04 152659 154900 300
782.3 2241.04 152658 154899 300
782.4 2241.04 152660 154901 300
782.5 2241.04 152658 154899 300
782.6 2241.04 152659 154900 300
782.7 2241.04 152659 154900 300
782.8 2241.04 152673 154914 300
782.9 2241.04 152659 154900 300
783 2241.04 152659 154900 300
783.1 2241.04 152659 154900 300
783.2 2241.04 152659 154900 300
783.3 2241.04 152659 154900 300
783.4 2241.04 152658 154899 300
783.5 2241.04 152658 154899 300
783.6 2241.04 152658 154899 300
783.7 2241.04 152663 154904 300
783.8 2241.04 152658 154899 300
783.9 2241.04 152659 154900 300
784 2241.04 152659 154900 300
784.1 2241.04 152658 154899 300
784.2 2241.04 152659 154900 300
784.3 2241.04 152659 154900 300
784.4 2241.04 152659 154900 300
784.5 2241.04 152659 154900 300
784.6 2241.04 152659 154900 300
784.7 2241.04 152659 154900 300
784.8 2241.04 152659 154900 300
784.9 2241.04 152658 154900 300
785 2241.04 152660 154901 300
785.1 2241.04 152658 154899 300
785.2 2241.04 152659 154900 300
785.3 2241.04 152659 154900 300
785.4 2241.04 152659 154900 300
785.5 2241.04 152658 154899 300
785.6 2241.04 152659 154900 300
785.7 2241.04 152658 154899 300
785.8 2241.04 152659 154900 300
785.9 2241.04 152659 154900 300
786 2241.04 152659 154900 300
786.1 2241.04 152659 154900 300
786.2 2241.04 152658 154900 300
786.3 2241.04 152659 154900 300
786.4 2241.04 152661 154902 300
786.5 2241.04 152658 154899 300
786.6 2241.04 152659 154900 300
786.7 2241.04 152659 154900 300
786.8 2241.04 152659 154900 300
786.9 2241.04 152659 154900 300
787 2241.04 152659 154900 300
787.1 2241.04 152666 154907 300
787.2 2241.04 152659 154900 300
787.3 2241.04 152659 154900 300
787.4 2241.04 152659 154900 300
787.5 2241.04 152658 154899 300
787.6 2241.04 152658 154899 300
787.7 2241.04 152658 154899 300
787.8 2241.04 152658 154899 300
787.9 2241.04 152658 154899 300
788 2241.04 152658 154900 300
788.1 2241.04 152658 154899 300
788.2 2241.04 152658 154899 300
788.3 2241.04 152658 154899 300
788.4 2241.04 152657 154898 300
788.5 2241.04 152658 154899 300
788.6 2241.04 152658 154899 300
788.7 2241.04 152658 154899 300
788.8 2241.04 152658 154899 300
788.9 2241.04 152658 154899 300
789 2241.04 152658 154899 300
789.1 2241.04 152658 154899 300
789.2 2241.04 152657 154898 300
789.3 2241.04 152658 154899 300
789.4 2241.04 152658 154899 300
789.5 2241.04 152658 154899 300
789.6 2241.04 152659 154900 300
789.7 2241.04 152659 154900 300
789.8 2241.04 152659 154900 300
789.9 2241.04 152659 154901 300
790 2241.04 152659 154901 300
790.1 2241.04 152659 154900 300
790.2 2241.04 152659 154900 300
790.3 2241.04 152660 154901 300
790.4 2241.04 152659 154900 300
790.5 2241.04 152659 154900 300
790.6 2241.04 152659 154900 300
790.7 2241.04 152659 154900 300
790.8 2241.04 152661 154902 300
790.9 2241.04 152659 154900 300
791 2241.04 152659 154900 300
791.1 2241.04 152659 154900 300
791.2 2241.04 152658 154899 300
791.3 2241.04 152665 154906 300
791.4 2241.04 152659 154900 300
791.5 2241.04 152659 154900 300
791.6 2241.04 152658 154899 300
791.7 2241.04 152659 154900 300
791.8 2241.04 152659 154900 300
791.9 2241.04 152659 154901 300
792 2241.04 152659 154901 300
792.1 2241.04 152659 154901 300
792.2 2241.04 152660 154901 300
792.3 2241.04 152660 154901 300
792.4 2241.04 152659 154900 300
792.5 2241.04 152659 154900 300
792.6 2241.04 152658 154899 300
792.7 2241.04 152659 154900 300
792.8 2241.04 152659 154900 300
792.9 2241.04 152659 154900 300
793 2241.04 152659 154900 300
793.1 2241.04 152659 154900 300
793.2 2241.04 152659 154900 300
793.3 2241.04 152658 154900 300
793.4 2241.04 152659 154900 300
793.5 2241.04 152660 154901 300
793.6 2241.04 152659 154900 300
793.7 2241.04 152659 154901 300
793.8 2241.04 152659 154900 300
793.9 2241.04 152660 154901 300
794 2241.04 152660 154901 300
794.1 2241.04 152660 154901 300
794.2 2241.04 152660 154901 300
794.3 2241.04 152660 154901 300
794.4 2241.04 152660 154901 300
794.5 2241.04 152660 154901 300
794.6 2241.04 152659 154900 300
794.7 2241.04 152662 154903 300
794.8 2241.04 152659 154900 300
794.9 2241.04 152660 154901 300
795 2241.04 152660 154901 300
795.1 2241.04 152660 154901 300
795.2 2241.04 152660 154901 300
795.3 2241.04 152659 154900 300
795.4 2241.04 152659 154900 300
795.5 2241.04 152659 154900 300
795.6 2241.04 152659 154900 300
795.7 2241.04 152659 154900 300
795.8 2241.04 152660 154901 300
795.9 2241.04 152660 154901 300
796 2241.04 152660 154901 300
796.1 2241.04 152660 154901 300
796.2 2241.04 152660 154901 300
796.3 2241.04 152659 154900 300
796.4 2241.04 152659 154900 300
796.5 2241.04 152659 154900 300
796.6 2241.04 152658 154899 300
796.7 2241.04 152659 154900 300
796.8 2241.04 152658 154899 300
796.9 2241.04 152659 154900 300
797 2241.04 152658 154899 300
797.1 2241.04 152659 154900 300
797.2 2241.04 152659 154900 300
797.3 2241.04 152659 154900 300
797.4 2241.04 152659 154900 300
797.5 2241.04 152658 154899 300
797.6 2241.04 152658 154899 300
797.7 2241.04 152658 154899 300
797.8 2241.04 152659 154900 300
797.9 2241.04 152659 154900 300
798 2241.04 152659 154900 300
798.1 2241.04 152659 154900 300
798.2 2241.04 152658 154900 300
798.3 2241.04 152659 154900 300
798.4 2241.04 152659 154900 300
798.5 2241.04 152658 154899 300
798.6 2241.04 152660 154901 300
798.7 2241.04 152659 154900 300
798.8 2241.04 152659 154900 300
798.9 2241.04 152659 154900 300
799 2241.04 152659 154900 300
799.1 2241.04 152658 154899 300
799.2 2241.04 152658 154899 300
799.3 2241.04 152659 154900 300
799.4 2241.04 152659 154900 300
799.5 2241.04 152659 154900 300
799.6 2241.04 152659 154900 300
799.7 2241.04 152659 154900 300
799.8 2241.04 152659 154900 300
799.9 2241.04 152658 154899 300
800 2241.04 152661 154902 300
800.1 2241.04 152658 154899 300
800.2 2241.04 152659 154900 300
800.3 2241.04 152659 154900 300
800.4 2241.04 152659 154900 300
800.5 2241.04 152659 154900 300
800.6 2241.04 152659 154900 300
800.7 2241.04 152659 154900 300
800.8 2241.04 152658 154899 300
800.9 2241.04 152658 154899 300
801 2241.04 152658 154899 300
801.1 2241.04 152658 154899 300
801.2 2241.04 152658 154899 300
801.3 2241.04 152659 154900 300
801.4 2241.04 152659 154900 300
801.5 2241.04 152658 154899 300
801.6 2241.04 152658 154899 300
801.7 2241.04 152658 154899 300
801.8 2241.04 152658 154899 300
801.9 2241.04 152658 154899 300
802 2241.04 152658 154899 300
802.1 2241.04 152658 154899 300
802.2 2241.04 152659 154900 300
802.3 2241.04 152683 154924 300
802.4 2241.04 152659 154900 300
802.5 2241.04 152659 154900 300
802.6 2241.04 152659 154900 300
802.7 2241.04 152659 154900 300
802.8 2241.04 152658 154899 300
802.9 2241.04 152659 154900 300
803 2241.04 152659 154900 300
803.1 2241.04 152659 154900 300
803.2 2241.04 152659 154900 300
803.3 2241.04 152658 154899 300
803.4 2241.04 152658 154899 300
803.5 2241.04 152658 154899 300
803.6 2241.04 152658 154899 300
803.7 2241.04 152659 154900 300
803.8 2241.04 152658 154899 300
803.9 2241.04 152657 154898 300
804 2241.04 152657 154898 300
804.1 2241.04 152658 154899 300
804.2 2241.04 152658 154899 300
804.3 2241.04 152658 154899 300
804.4 2241.04 152659 154900 300
804.5 2241.04 152659 154900 300
804.6 2241.04 152659 154900 300
804.7 2241.04 152659 154900 300
804.8 2241.04 152659 154900 300
804.9 2241.04 152659 154900 300
805 2241.04 152659 154900 300
805.1 2241.04 152659 154900 300
805.2 2241.04 152659 154900 300
805.3 2241.04 152658 154899 300
805.4 2241.04 152659 154900 300
805.5 2241.04 152659 154900 300
805.6 2241.04 152659 154900 300
805.7 2241.04 152658 154899 300
805.8 2241.04 152659 154900 300
805.9 2241.04 152658 154899 300
806 2241.04 152659 154900 300
806.1 2241.04 152659 154900 300
806.2 2241.04 152659 154900 300
806.3 2241.04 152659 154900 300
806.4 2241.04 152659 154900 300
806.5 2241.04 152659 154900 300
806.6 2241.04 152659 154900 300
806.7 2241.04 152659 154900 300
806.8 2241.04 152659 154900 300
806.9 2241.04 152659 154900 300
807 2241.04 152659 154900 300
807.1 2241.04 152659 154900 300
807.2 2241.04 152658 154899 300
807.3 2241.04 152659 154900 300
807.4 2241.04 152658 154899 300
807.5 2241.04 152658 154899 300
807.6 2241.04 152658 154899 300
807.7 2241.04 152658 154899 300
807.8 2241.04 152658 154899 300
807.9 2241.04 152658 154899 300
808 2241.04 152658 154899 300
808.1 2241.04 152658 154899 300
808.2 2241.04 152658 154899 300
808.3 2241.04 152658 154899 300
808.4 2241.04 152658 154899 300
808.5 2241.04 152658 154899 300
808.6 2241.04 152657 154898 300
808.7 2241.04 152658 154899 300
808.8 2241.04 152657 154898 300
808.9 2241.04 152657 154898 300
809 2241.04 152658 154899 300
809.1 2241.04 152658 154899 300
809.2 2241.04 152658 154899 300
809.3 2241.04 152658 154899 300
809.4 2241.04 152659 154900 300
809.5 2241.04 152659 154900 300
809.6 2241.04 152659 154900 300
809.7 2241.04 152659 154900 300
809.8 2241.04 152659 154900 300
809.9 2241.04 152659 154900 300
810 2241.04 152659 154900 300
810.1 2241.04 152658 154899 300
810.2 2241.04 152659 154900 300
810.3 2241.04 152658 154899 300
810.4 2241.04 152659 154900 300
810.5 2241.04 152658 154900 300
810.6 2241.04 152659 154900 300
810.7 2241.04 152659 154900 300
810.8 2241.04 152659 154900 300
810.9 2241.04 152659 154900 300
811 2241.04 152659 154900 300
811.1 2241.04 152659 154900 300
811.2 2241.04 152659 154900 300
811.3 2241.04 152659 154900 300
811.4 2241.04 152659 154900 300
811.5 2241.04 152659 154900 300
811.6 2241.04 152659 154900 300
811.7 2241.04 152659 154900 300
811.8 2241.04 152659 154900 300
811.9 2241.04 152659 154900 300
812 2241.04 152659 154900 300
812.1 2241.04 152659 154900 300
812.2 2241.04 152659 154900 300
812.3 2241.04 152659 154900 300
812.4 2241.04 152659 154900 300
812.5 2241.04 152659 154900 300
812.6 2241.04 152659 154900 300
812.7 2241.04 152659 154900 300
812.8 2241.04 152659 154900 300
812.9 2241.04 152659 154900 300
813 2241.04 152659 154900 300
813.1 2241.04 152659 154900 300
813.2 2241.04 152659 154900 300
813.3 2241.04 152659 154900 300
813.4 2241.04 152657 154898 300
813.5 2241.04 152658 154899 300
813.6 2241.04 152659 154900 300
813.7 2241.04 152659 154900 300
813.8 2241.04 152659 154900 300
813.9 2241.04 152659 154900 300
814 2241.04 152659 154900 300
814.1 2241.04 152658 154899 300
814.2 2241.04 152658 154899 300
814.3 2241.04 152658 154899 300
814.4 2241.04 152658 154899 300
814.5 2241.04 152658 154899 300
814.6 2241.04 152659 154900 300
814.7 2241.04 152658 154899 300
814.8 2241.04 152658 154899 300
814.9 2241.04 152658 154899 300
815 2241.04 152658 154899 300
815.1 2241.04 152658 154899 300
815.2 2241.04 152658 154899 300
815.3 2241.04 152657 154898 300
815.4 2241.04 152658 154899 300
815.5 2241.04 152658 154899 300
815.6 2241.04 152658 154899 300
815.7 2241.04 152658 154899 300
815.8 2241.04 152658 154899 300
815.9 2241.04 152658 154899 300
816 2241.04 152658 154899 300
816.1 2241.04 152658 154899 300
816.2 2241.04 152658 154899 300
816.3 2241.04 152658 154899 300
816.4 2241.04 152658 154899 300
816.5 2241.04 152659 154900 300
816.6 2241.04 152658 154899 300
816.7 2241.04 152658 154899 300
816.8 2241.04 152659 154900 300
816.9 2241.04 152659 154900 300
817 2241.04 152659 154900 300
817.1 2241.04 152659 154900 300
817.2 2241.04 152659 154900 300
817.3 2241.04 152659 154900 300
817.4 2241.04 152659 154900 300
817.5 2241.04 152659 154900 300
817.6 2241.04 152658 154899 300
817.7 2241.04 152658 154899 300
817.8 2241.04 152657 154898 300
817.9 2241.04 152659 154900 300
818 2241.04 152658 154899 300
818.1 2241.04 152658 154899 300
818.2 2241.04 152659 154900 300
818.3 2241.04 152659 154900 300
818.4 2241.04 152659 154900 300
818.5 2241.04 152659 154900 300
818.6 2241.04 152658 154899 300
818.7 2241.04 152662 154903 300
818.8 2241.04 152658 154899 300
818.9 2241.04 152659 154900 300
819 2241.04 152659 154900 300
819.1 2241.04 152659 154900 300
819.2 2241.04 152659 154900 300
819.3 2241.04 152659 154900 300
819.4 2241.04 152659 154900 300
819.5 2241.04 152659 154900 300
819.6 2241.04 152659 154900 300
819.7 2241.04 152659 154900 300
819.8 2241.04 152659 154900 300
819.9 2241.04 152659 154900 300
820 2241.04 152659 154900 300
820.1 2241.04 152659 154900 300
820.2 2241.04 152659 154900 300
820.3 2241.04 152659 154900 300
820.4 2241.04 152659 154900 300
820.5 2241.04 152659 154900 300
820.6 2241.04 152659 154900 300
820.7 2241.04 152659 154900 300
820.8 2241.04 152659 154900 300
820.9 2241.04 152659 154900 300
821 2241.04 152659 154900 300
821.1 2241.04 152659 154900 300
821.2 2241.04 152659 154900 300
821.3 2241.04 152659 154900 300
821.4 2241.04 152659 154900 300
821.5 2241.04 152658 154899 300
821.6 2241.04 152658 154899 300
821.7 2241.04 152659 154900 300
821.8 2241.04 152659 154900 300
821.9 2241.04 152659 154900 300
822 2241.04 152659 154900 300
822.1 2241.04 152659 154900 300
822.2 2241.04 152659 154900 300
822.3 2241.04 152659 154901 300
822.4 2241.04 152659 154900 300
822.5 2241.04 152658 154899 300
822.6 2241.04 152658 154899 300
822.7 2241.04 152659 154900 300
822.8 2241.04 152659 154900 300
822.9 2241.04 152659 154900 300
823 2241.04 152658 154899 300
823.1 2241.04 152658 154899 300
823.2 2241.04 152658 154899 300
823.3 2241.04 152659 154900 300
823.4 2241.04 152658 154899 300
823.5 2241.04 152658 154899 300
823.6 2241.04 152658 154899 300
823.7 2241.04 152658 154899 300
823.8 2241.04 152658 154899 300
823.9 2241.04 152658 154899 300
824 2241.04 152659 154900 300
824.1 2241.04 152659 154900 300
824.2 2241.04 152659 154900 300
824.3 2241.04 152659 154900 300
824.4 2241.04 152658 154899 300
824.5 2241.04 152663 154904 300
824.6 2241.04 152658 154899 300
824.7 2241.04 152658 154899 300
824.8 2241.04 152658 154899 300
824.9 2241.04 152658 154899 300
825 2241.04 152658 154899 300
825.1 2241.04 152657 154898 300
825.2 2241.04 152658 154899 300
825.3 2241.04 152658 154899 300
825.4 2241.04 152659 154900 300
825.5 2241.04 152658 154899 300
825.6 2241.04 152658 154899 300
825.7 2241.04 152658 154899 300
825.8 2241.04 152657 154898 300
825.9 2241.04 152659 154900 300
826 2241.04 152657 154898 300
826.1 2241.04 152657 154898 300
826.2 2241.04 152658 154899 300
826.3 2241.04 152658 154899 300
826.4 2241.04 152658 154899 300
826.5 2241.04 152658 154899 300
826.6 2241.04 152657 154898 300
826.7 2241.04 152657 154898 300
826.8 2241.04 152657 154898 300
826.9 2241.04 152726 154967 300
827 2241.04 152658 154899 300
827.1 2241.04 152658 154899 300
827.2 2241.04 152658 154899 300
827.3 2241.04 152658 154899 300
827.4 2241.04 152658 154900 300
827.5 2241.04 152659 154900 300
827.6 2241.04 152659 154900 300
827.7 2241.04 152659 154900 300
827.8 2241.04 152659 154900 300
827.9 2241.04 152659 154900 300
828 2241.04 152659 154900 300
828.1 2241.04 152658 154900 300
828.2 2241.04 152658 154899 300
828.3 2241.04 152658 154899 300
828.4 2241.04 152658 154899 300
828.5 2241.04 152658 154899 300
828.6 2241.04 152658 154899 300
828.7 2241.04 152657 154898 300
828.8 2241.04 152658 154899 300
828.9 2241.04 152658 154899 300
829 2241.04 152658 154899 300
829.1 2241.04 152658 154899 300
829.2 2241.04 152659 154900 300
829.3 2241.04 152659 154900 300
829.4 2241.04 152659 154900 300
829.5 2241.04 152659 154900 300
829.6 2241.04 152658 154899 300
829.7 2241.04 152658 154899 300
829.8 2241.04 152657 154898 300
829.9 2241.04 152657 154898 300
830 2241.04 152657 154898 300
830.1 2241.04 152660 154901 300
830.2 2241.04 152655 154896 300
830.3 2241.04 152658 154899 300
830.4 2241.04 152657 154898 300
830.5 2241.04 152657 154898 300
830.6 2241.04 152657 154898 300
830.7 2241.04 152657 154899 300
830.8 2241.04 152657 154898 300
830.9 2241.04 152658 154899 300
831 2241.04 152658 154899 300
831.1 2241.04 152657 154898 300
831.2 2241.04 152658 154899 300
831.3 2241.04 152658 154900 300
831.4 2241.04 152659 154900 300
831.5 2241.04 152658 154899 300
831.6 2241.04 152658 154899 300
831.7 2241.04 152658 154899 300
831.8 2241.04 152659 154900 300
831.9 2241.04 152657 154898 300
832 2241.04 152657 154898 300
832.1 2241.04 152658 154899 300
832.2 2241.04 152658 154899 300
832.3 2241.04 152659 154900 300
832.4 2241.04 152659 154900 300
832.5 2241.04 152659 154900 300
832.6 2241.04 152659 154900 300
832.7 2241.04 152659 154900 300
832.8 2241.04 152659 154900 300
832.9 2241.04 152659 154900 300
833 2241.04 152659 154900 300
833.1 2241.04 152660 154901 300
833.2 2241.04 152659 154900 300
833.3 2241.04 152659 154900 300
833.4 2241.04 152659 154900 300
833.5 2241.04 152658 154899 300
833.6 2241.04 152659 154900 300
833.7 2241.04 152659 154900 300
833.8 2241.04 152659 154900 300
833.9 2241.04 152659 154900 300
834 2241.04 152659 154900 300
834.1 2241.04 152659 154900 300
834.2 2241.04 152659 154900 300
834.3 2241.04 152659 154900 300
834.4 2241.04 152659 154900 300
834.5 2241.04 152659 154900 300
834.6 2241.04 152659 154900 300
834.7 2241.04 152659 154900 300
834.8 2241.04 152659 154900 300
834.9 2241.04 152659 154900 300
835 2241.04 152659 154900 300
835.1 2241.04 152659 154900 300
835.2 2241.04 152659 154900 300
835.3 2241.04 152659 154900 300
835.4 2241.04 152658 154899 300
835.5 2241.04 152659 154900 300
835.6 2241.04 152657 154898 300
835.7 2241.04 152658 154899 300
835.8 2241.04 152658 154899 300
835.9 2241.04 152658 154899 300
836 2241.04 152658 154899 300
836.1 2241.04 152658 154899 300
836.2 2241.04 152658 154899 300
836.3 2241.04 152658 154899 300
836.4 2241.04 152658 154899 300
836.5 2241.04 152659 154900 300
836.6 2241.04 152658 154899 300
836.7 2241.04 152658 154899 300
836.8 2241.04 152658 154899 300
836.9 2241.04 152657 154898 300
837 2241.04 152658 154899 300
837.1 2241.04 152657 154898 300
837.2 2241.04 152661 154902 300
837.3 2241.04 152658 154899 300
837.4 2241.04 152659 154900 300
837.5 2241.04 152659 154900 300
837.6 2241.04 152659 154900 300
837.7 2241.04 152659 154900 300
837.8 2241.04 152658 154899 300
837.9 2241.04 152658 154899 300
838 2241.04 152658 154899 300
838.1 2241.04 152658 154899 300
838.2 2241.04 152658 154899 300
838.3 2241.04 152658 154900 300
838.4 2241.04 152659 154900 300
838.5 2241.04 152659 154900 300
838.6 2241.04 152658 154899 300
838.7 2241.04 152658 154899 300
838.8 2241.04 152658 154899 300
838.9 2241.04 152657 154899 300
839 2241.04 152659 154900 300
839.1 2241.04 152658 154899 300
839.2 2241.04 152658 154899 300
839.3 2241.04 152658 154899 300
839.4 2241.04 152658 154899 300
839.5 2241.04 152658 154899 300
839.6 2241.04 152659 154900 300
839.7 2241.04 152659 154900 300
839.8 2241.04 152659 154900 300
839.9 2241.04 152659 154900 300
840 2241.04 152659 154900 300
840.1 2241.04 152659 154900 300
840.2 2241.04 152659 154900 300
840.3 2241.04 152659 154900 300
840.4 2241.04 152658 154899 300
840.5 2241.04 152658 154900 300
840.6 2241.04 152658 154899 300
840.7 2241.04 152659 154900 300
840.8 2241.04 152659 154900 300
840.9 2241.04 152659 154900 300
841 2241.04 152659 154900 300
841.1 2241.04 152659 154900 300
841.2 2241.04 152659 154900 300
841.3 2241.04 152659 154900 300
841.4 2241.04 152659 154900 300
841.5 2241.04 152659 154900 300
841.6 2241.04 152659 154900 300
841.7 2241.04 152659 154900 300
841.8 2241.04 152658 154899 300
841.9 2241.04 152658 154899 300
842 2241.04 152658 154899 300
842.1 2241.04 152658 154899 300
842.2 2241.04 152658 154899 300
842.3 2241.04 152658 154899 300
842.4 2241.04 152658 154899 300
842.5 2241.04 152659 154900 300
842.6 2241.04 152658 154899 300
842.7 2241.04 152658 154899 300
842.8 2241.04 152659 154900 300
842.9 2241.04 152658 154899 300
843 2241.04 152658 154899 300
843.1 2241.04 152659 154900 300
843.2 2241.04 152659 154900 300
843.3 2241.04 152659 154900 300
843.4 2241.04 152659 154900 300
843.5 2241.04 152659 154900 300
843.6 2241.04 152659 154900 300
843.7 2241.04 152659 154900 300
843.8 2241.04 152659 154900 300
843.9 2241.04 152659 154900 300
844 2241.04 152658 154899 300
844.1 2241.04 152658 154899 300
844.2 2241.04 152658 154899 300
844.3 2241.04 152659 154900 300
844.4 2241.04 152659 154900 300
844.5 2241.04 152659 154900 300
844.6 2241.04 152659 154900 300
844.7 2241.04 152659 154900 300
844.8 2241.04 152659 154900 300
844.9 2241.04 152659 154900 300
845 2241.04 152659 154900 300
845.1 2241.04 152659 154900 300
845.2 2241.04 152659 154900 300
845.3 2241.04 152659 154900 300
845.4 2241.04 152659 154900 300
845.5 2241.04 152659 154900 300
845.6 2241.04 152659 154900 300
845.7 2241.04 152659 154900 300
845.8 2241.04 152658 154899 300
845.9 2241.04 152658 154899 300
846 2241.04 152658 154899 300
846.1 2241.04 152658 154899 300
846.2 2241.04 152658 154899 300
846.3 2241.04 152658 154899 300
846.4 2241.04 152658 154899 300
846.5 2241.04 152658 154899 300
846.6 2241.04 152658 154899 300
846.7 2241.04 152658 154899 300
846.8 2241.04 152658 154899 300
846.9 2241.04 152657 154898 300
847 2241.04 152659 154900 300
847.1 2241.04 152657 154898 300
847.2 2241.04 152658 154899 300
847.3 2241.04 152657 154898 300
847.4 2241.04 152657 154898 300
847.5 2241.04 152658 154899 300
847.6 2241.04 152659 154900 300
847.7 2241.04 152658 154899 300
847.8 2241.04 152658 154899 300
847.9 2241.04 152657 154898 300
848 2241.04 152658 154899 300
848.1 2241.04 152657 154898 300
848.2 2241.04 152656 154897 300
848.3 2241.04 152657 154898 300
848.4 2241.04 152657 154898 300
848.5 2241.04 152657 154899 300
848.6 2241.04 152657 154898 300
848.7 2241.04 152657 154898 300
848.8 2241.04 152656 154897 300
848.9 2241.04 152659 154900 300
849 2241.04 152657 154898 300
849.1 2241.04 152657 154899 300
849.2 2241.04 152658 154899 300
849.3 2241.04 152658 154899 300
849.4 2241.04 152658 154899 300
849.5 2241.04 152673 154914 300
849.6 2241.04 152657 154898 300
849.7 2241.04 152658 154899 300
849.8 2241.04 152658 154899 300
849.9 2241.04 152658 154899 300
850 2241.04 152658 154899 300
850.1 2241.04 152658 154899 300
850.2 2241.04 152658 154899 300
850.3 2241.04 152658 154899 300
850.4 2241.04 152658 154899 300
850.5 2241.04 152658 154899 300
850.6 2241.04 152657 154898 300
850.7 2241.04 152658 154899 300
850.8 2241.04 152658 154899 300
850.9 2241.04 152657 154898 300
851 2241.04 152658 154899 300
851.1 2241.04 152658 154899 300
851.2 2241.04 152658 154899 300
851.3 2241.04 152658 154899 300
851.4 2241.04 152659 154900 300
851.5 2241.04 152658 154899 300
851.6 2241.04 152658 154899 300
851.7 2241.04 152658 154899 300
851.8 2241.04 152658 154899 300
851.9 2241.04 152658 154900 300
852 2241.04 152658 154899 300
852.1 2241.04 152658 154899 300
852.2 2241.04 152658 154899 300
852.3 2241.04 152657 154898 300
852.4 2241.04 152658 154899 300
852.5 2241.04 152658 154899 300
852.6 2241.04 152658 154899 300
852.7 2241.04 152658 154899 300
852.8 2241.04 152658 154899 300
852.9 2241.04 152658 154899 300
853 2241.04 152658 154899 300
853.1 2241.04 152658 154899 300
853.2 2241.04 152658 154899 300
853.3 2241.04 152658 154899 300
853.4 2241.04 152659 154900 300
853.5 2241.04 152659 154900 300
853.6 2241.04 152659 154900 300
853.7 2241.04 152659 154900 300
853.8 2241.04 152659 154900 300
853.9 2241.04 152659 154900 300
854 2241.04 152659 154900 300
854.1 2241.04 152659 154900 300
854.2 2241.04 152659 154900 300
854.3 2241.04 152659 154900 300
854.4 2241.04 152658 154899 300
854.5 2241.04 152658 154899 300
854.6 2241.04 152659 154900 300
854.7 2241.04 152657 154898 300
854.8 2241.04 152658 154899 300
854.9 2241.04 152658 154899 300
855 2241.04 152658 154899 300
855.1 2241.04 152658 154899 300
855.2 2241.04 152658 154899 300
855.3 2241.04 152658 154899 300
855.4 2241.04 152658 154899 300
855.5 2241.04 152657 154898 300
855.6 2241.04 152657 154898 300
855.7 2241.04 152656 154897 300
855.8 2241.04 152658 154899 300
855.9 2241.04 152657 154898 300
856 2241.04 152658 154899 300
856.1 2241.04 152658 154899 300
856.2 2241.04 152658 154899 300
856.3 2241.04 152659 154900 300
856.4 2241.04 152658 154899 300
856.5 2241.04 152658 154899 300
856.6 2241.04 152658 154899 300
856.7 2241.04 152658 154899 300
856.8 2241.04 152658 154899 300
856.9 2241.04 152659 154900 300
857 2241.04 152659 154900 300
857.1 2241.04 152659 154900 300
857.2 2241.04 152659 154900 300
857.3 2241.04 152659 154900 300
857.4 2241.04 152658 154899 300
857.5 2241.04 152659 154900 300
857.6 2241.04 152659 154900 300
857.7 2241.04 152659 154900 300
857.8 2241.04 152659 154900 300
857.9 2241.04 152659 154900 300
858 2241.04 152659 154900 300
858.1 2241.04 152660 154901 300
858.2 2241.04 152659 154900 300
858.3 2241.04 152659 154900 300
858.4 2241.04 152659 154900 300
858.5 2241.04 152658 154899 300
858.6 2241.04 152661 154902 300
858.7 2241.04 152658 154899 300
858.8 2241.04 152659 154900 300
858.9 2241.04 152659 154900 300
859 2241.04 152659 154900 300
859.1 2241.04 152659 154900 300
859.2 2241.04 152660 154901 300
859.3 2241.04 152658 154900 300
859.4 2241.04 152659 154900 300
859.5 2241.04 152659 154900 300
859.6 2241.04 152659 154900 300
859.7 2241.04 152659 154900 300
859.8 2241.04 152659 154900 300
859.9 2241.04 152659 154900 300
860 2241.04 152659 154900 300
860.1 2241.04 152659 154900 300
860.2 2241.04 152659 154900 300
860.3 2241.04 152658 154900 300
860.4 2241.04 152659 154900 300
860.5 2241.04 152658 154900 300
860.6 2241.04 152658 154899 300
860.7 2241.04 152659 154900 300
860.8 2241.04 152658 154899 300
860.9 2241.04 152658 154900 300
861 2241.04 152659 154900 300
861.1 2241.04 152659 154900 300
861.2 2241.04 152659 154900 300
861.3 2241.04 152659 154900 300
861.4 2241.04 152659 154900 300
861.5 2241.04 152659 154900 300
861.6 2241.04 152659 154900 300
861.7 2241.04 152659 154900 300
861.8 2241.04 152659 154900 300
861.9 2241.04 152659 154900 300
862 2241.04 152659 154900 300
862.1 2241.04 152661 154902 300
862.2 2241.04 152658 154899 300
862.3 2241.04 152659 154900 300
862.4 2241.04 152659 154900 300
862.5 2241.04 152659 154900 300
862.6 2241.04 152660 154901 300
862.7 2241.04 152659 154901 300
862.8 2241.04 152659 154901 300
862.9 2241.04 152660 154901 300
863 2241.04 152659 154900 300
863.1 2241.04 152659 154901 300
863.2 2241.04 152659 154900 300
863.3 2241.04 152659 154900 300
863.4 2241.04 152659 154900 300
863.5 2241.04 152659 154900 300
863.6 2241.04 152659 154900 300
863.7 2241.04 152659 154900 300
863.8 2241.04 152659 154900 300
863.9 2241.04 152659 154900 300
864 2241.04 152658 154899 300
864.1 2241.04 152659 154900 300
864.2 2241.04 152659 154900 300
864.3 2241.04 152659 154900 300
864.4 2241.04 152659 154900 300
864.5 2241.04 152659 154900 300
864.6 2241.04 152659 154900 300
864.7 2241.04 152658 154899 300
864.8 2241.04 152658 154899 300
864.9 2241.04 152658 154900 300
865 2241.04 152658 154899 300
865.1 2241.04 152658 154899 300
865.2 2241.04 152658 154899 300
865.3 2241.04 152658 154899 300
865.4 2241.04 152658 154899 300
865.5 2241.04 152659 154900 300
865.6 2241.04 152658 154899 300
865.7 2241.04 152658 154899 300
865.8 2241.04 152658 154899 300
865.9 2241.04 152659 154900 300
866 2241.04 152658 154899 300
866.1 2241.04 152657 154898 300
866.2 2241.04 152660 154901 300
866.3 2241.04 152658 154899 300
866.4 2241.04 152657 154899 300
866.5 2241.04 152658 154899 300
866.6 2241.04 152658 154899 300
866.7 2241.04 152658 154899 300
866.8 2241.04 152658 154899 300
866.9 2241.04 152658 154899 300
867 2241.04 152658 154899 300
867.1 2241.04 152658 154899 300
867.2 2241.04 152659 154900 300
867.3 2241.04 152659 154900 300
867.4 2241.04 152658 154899 300
867.5 2241.04 152659 154900 300
867.6 2241.04 152659 154900 300
867.7 2241.04 152659 154900 300
867.8 2241.04 152659 154900 300
867.9 2241.04 152659 154900 300
868 2241.04 152719 154960 300
868.1 2241.04 152659 154900 300
868.2 2241.04 152659 154900 300
868.3 2241.04 152660 154901 300
868.4 2241.04 152659 154900 300
868.5 2241.04 152660 154901 300
868.6 2241.04 152659 154900 300
868.7 2241.04 152661 154902 300
868.8 2241.04 152658 154899 300
868.9 2241.04 152659 154900 300
869 2241.04 152659 154900 300
869.1 2241.04 152659 154900 300
869.2 2241.04 152659 154900 300
869.3 2241.04 152659 154900 300
869.4 2241.04 152658 154899 300
869.5 2241.04 152659 154900 300
869.6 2241.04 152660 154901 300
869.7 2241.04 152658 154899 300
869.8 2241.04 152659 154900 300
869.9 2241.04 152658 154899 300
870 2241.04 152657 154898 300
870.1 2241.04 152657 154898 300
870.2 2241.04 152659 154900 300
870.3 2241.04 152658 154899 300
870.4 2241.04 152658 154899 300
870.5 2241.04 152661 154902 300
870.6 2241.04 152658 154899 300
870.7 2241.04 152659 154900 300
870.8 2241.04 152660 154901 300
870.9 2241.04 152660 154901 300
871 2241.04 152659 154900 300
871.1 2241.04 152659 154900 300
871.2 2241.04 152659 154900 300
871.3 2241.04 152659 154900 300
871.4 2241.04 152659 154900 300
871.5 2241.04 152657 154898 300
871.6 2241.04 152658 154899 300
871.7 2241.04 152656 154897 300
871.8 2241.04 152658 154899 300
871.9 2241.04 152657 154898 300
872 2241.04 152658 154899 300
872.1 2241.04 152657 154899 300
872.2 2241.04 152657 154898 300
872.3 2241.04 152657 154898 300
872.4 2241.04 152658 154899 300
872.5 2241.04 152658 154899 300
872.6 2241.04 152658 154899 300
872.7 2241.04 152658 154899 300
872.8 2241.04 152658 154899 300
872.9 2241.04 152658 154900 300
873 2241.04 152659 154900 300
873.1 2241.04 152660 154901 300
873.2 2241.04 152659 154900 300
873.3 2241.04 152660 154901 300
873.4 2241.04 152659 154900 300
873.5 2241.04 152659 154900 300
873.6 2241.04 152659 154900 300
873.7 2241.04 152658 154899 300
873.8 2241.04 152659 154900 300
873.9 2241.04 152659 154900 300
874 2241.04 152658 154899 300
874.1 2241.04 152658 154899 300
874.2 2241.04 152658 154899 300
874.3 2241.04 152659 154900 300
874.4 2241.04 152658 154899 300
874.5 2241.04 152658 154899 300
874.6 2241.04 152659 154900 300
874.7 2241.04 152659 154900 300
874.8 2241.04 152659 154900 300
874.9 2241.04 152659 154900 300
875 2241.04 152659 154900 300
875.1 2241.04 152659 154900 300
875.2 2241.04 152659 154900 300
875.3 2241.04 152658 154899 300
875.4 2241.04 152660 154901 300
875.5 2241.04 152657 154898 300
875.6 2241.04 152657 154898 300
875.7 2241.04 152658 154899 300
875.8 2241.04 152659 154900 300
875.9 2241.04 152660 154901 300
876 2241.04 152659 154901 300
876.1 2241.04 152659 154901 300
876.2 2241.04 152660 154901 300
876.3 2241.04 152660 154901 300
876.4 2241.04 152660 154901 300
876.5 2241.04 152660 154901 300
876.6 2241.04 152659 154900 300
876.7 2241.04 152660 154901 300
876.8 2241.04 152659 154901 300
876.9 2241.04 152659 154900 300
877 2241.04 152659 154900 300
877.1 2241.04 152660 154901 300
877.2 2241.04 152660 154901 300
877.3 2241.04 152660 154901 300
877.4 2241.04 152660 154901 300
877.5 2241.04 152660 154901 300
877.6 2241.04 152659 154900 300
877.7 2241.04 152658 154899 300
877.8 2241.04 152659 154901 300
877.9 2241.04 152659 154900 300
878 2241.04 152658 154899 300
878.1 2241.04 152658 154899 300
878.2 2241.04 152658 154899 300
878.3 2241.04 152658 154899 300
878.4 2241.04 152658 154899 300
878.5 2241.04 152659 154900 300
878.6 2241.04 152659 154900 300
878.7 2241.04 152659 154900 300
878.8 2241.04 152660 154901 300
878.9 2241.04 152659 154900 300
879 2241.04 152659 154900 300
879.1 2241.04 152660 154901 300
879.2 2241.04 152659 154900 300
879.3 2241.04 152665 154906 300
879.4 2241.04 152659 154900 300
879.5 2241.04 152659 154900 300
879.6 2241.04 152658 154899 300
879.7 2241.04 152658 154899 300
879.8 2241.04 152659 154900 300
879.9 2241.04 152659 154900 300
880 2241.04 152658 154899 300
880.1 2241.04 152659 154900 300
880.2 2241.04 152659 154900 300
880.3 2241.04 152660 154901 300
880.4 2241.04 152659 154900 300
880.5 2241.04 152659 154901 300
880.6 2241.04 152660 154901 300
880.7 2241.04 152660 154901 300
880.8 2241.04 152660 154901 300
880.9 2241.04 152660 154901 300
881 2241.04 152660 154901 300
881.1 2241.04 152660 154901 300
881.2 2241.04 152660 154901 300
881.3 2241.04 152659 154900 300
881.4 2241.04 152660 154901 300
881.5 2241.04 152660 154901 300
881.6 2241.04 152660 154901 300
881.7 2241.04 152660 154901 300
881.8 2241.04 152659 154900 300
881.9 2241.04 152659 154900 300
882 2241.04 152660 154901 300
882.1 2241.04 152660 154901 300
882.2 2241.04 152660 154901 300
882.3 2241.04 152660 154901 300
882.4 2241.04 152660 154901 300
882.5 2241.04 152659 154900 300
882.6 2241.04 152660 154901 300
882.7 2241.04 152659 154900 300
882.8 2241.04 152660 154901 300
882.9 2241.04 152659 154900 300
883 2241.04 152659 154900 300
883.1 2241.04 152660 154901 300
883.2 2241.04 152660 154901 300
883.3 2241.04 152659 154900 300
883.4 2241.04 152660 154901 300
883.5 2241.04 152660 154901 300
883.6 2241.04 152659 154900 300
883.7 2241.04 152659 154900 300
883.8 2241.04 152658 154900 300
883.9 2241.04 152659 154900 300
884 2241.04 152659 154900 300
884.1 2241.04 152658 154899 300
884.2 2241.04 152659 154900 300
884.3 2241.04 152659 154900 300
884.4 2241.04 152659 154900 300
884.5 2241.04 152659 154900 300
884.6 2241.04 152659 154900 300
884.7 2241.04 152659 154900 300
884.8 2241.04 152660 154901 300
884.9 2241.04 152659 154901 300
885 2241.04 152660 154901 300
885.1 2241.04 152659 154900 300
885.2 2241.04 152659 154900 300
885.3 2241.04 152659 154901 300
885.4 2241.04 152659 154900 300
885.5 2241.04 152659 154900 300
885.6 2241.04 152659 154900 300
885.7 2241.04 152660 154901 300
885.8 2241.04 152659 154900 300
885.9 2241.04 152659 154900 300
886 2241.04 152659 154900 300
886.1 2241.04 152658 154899 300
886.2 2241.04 152658 154899 300
886.3 2241.04 152659 154900 300
886.4 2241.04 152659 154900 300
886.5 2241.04 152659 154900 300
886.6 2241.04 152659 154900 300
886.7 2241.04 152659 154900 300
886.8 2241.04 152659 154900 300
886.9 2241.04 152659 154900 300
887 2241.04 152659 154900 300
887.1 2241.04 152659 154900 300
887.2 2241.04 152659 154900 300
887.3 2241.04 152659 154900 300
887.4 2241.04 152659 154900 300
887.5 2241.04 152658 154899 300
887.6 2241.04 152658 154899 300
887.7 2241.04 152658 154899 300
887.8 2241.04 152658 154899 300
887.9 2241.04 152658 154899 300
888 2241.04 152658 154899 300
888.1 2241.04 152659 154900 300
888.2 2241.04 152659 154900 300
888.3 2241.04 152659 154900 300
888.4 2241.04 152659 154900 300
888.5 2241.04 152659 154900 300
888.6 2241.04 152660 154901 300
888.7 2241.04 152659 154901 300
888.8 2241.04 152664 154905 300
888.9 2241.04 152659 154900 300
889 2241.04 152659 154900 300
889.1 2241.04 152659 154900 300
889.2 2241.04 152659 154900 300
889.3 2241.04 152659 154900 300
889.4 2241.04 152659 154900 300
889.5 2241.04 152659 154900 300
889.6 2241.04 152658 154899 300
889.7 2241.04 152659 154900 300
889.8 2241.04 152659 154900 300
889.9 2241.04 152659 154900 300
890 2241.04 152658 154899 300
890.1 2241.04 152659 154900 300
890.2 2241.04 152659 154900 300
890.3 2241.04 152659 154900 300
890.4 2241.04 152658 154899 300
890.5 2241.04 152659 154900 300
890.6 2241.04 152658 154899 300
890.7 2241.04 152659 154900 300
890.8 2241.04 152659 154900 300
890.9 2241.04 152660 154901 300
891 2241.04 152660 154901 300
891.1 2241.04 152659 154900 300
891.2 2241.04 152660 154901 300
891.3 2241.04 152659 154900 300
891.4 2241.04 152659 154900 300
891.5 2241.04 152659 154900 300
891.6 2241.04 152659 154900 300
891.7 2241.04 152659 154900 300
891.8 2241.04 152658 154899 300
891.9 2241.04 152658 154899 300
892 2241.04 152659 154900 300
892.1 2241.04 152659 154900 300
892.2 2241.04 152659 154900 300
892.3 2241.04 152659 154900 300
892.4 2241.04 152659 154900 300
892.5 2241.04 152659 154900 300
892.6 2241.04 152659 154901 300
892.7 2241.04 152659 154900 300
892.8 2241.04 152659 154900 300
892.9 2241.04 152659 154900 300
893 2241.04 152659 154900 300
893.1 2241.04 152659 154900 300
893.2 2241.04 152659 154900 300
893.3 2241.04 152658 154899 300
893.4 2241.04 152658 154899 300
893.5 2241.04 152659 154900 300
893.6 2241.04 152659 154900 300
893.7 2241.04 152659 154900 300
893.8 2241.04 152659 154900 300
893.9 2241.04 152659 154900 300
894 2241.04 152659 154900 300
894.1 2241.04 152658 154899 300
894.2 2241.04 152659 154900 300
894.3 2241.04 152659 154900 300
894.4 2241.04 152658 154900 300
894.5 2241.04 152658 154899 300
894.6 2241.04 152660 154901 300
894.7 2241.04 152659 154900 300
894.8 2241.04 152659 154900 300
894.9 2241.04 152659 154900 300
895 2241.04 152659 154900 300
895.1 2241.04 152663 154904 300
895.2 2241.04 152658 154899 300
895.3 2241.04 152659 154900 300
895.4 2241.04 152659 154900 300
895.5 2241.04 152665 154906 300
895.6 2241.04 152659 154900 300
895.7 2241.04 152658 154899 300
895.8 2241.04 152659 154900 300
895.9 2241.04 152658 154899 300
896 2241.04 152658 154899 300
896.1 2241.04 152659 154900 300
896.2 2241.04 152674 154915 300
896.3 2241.04 152659 154900 300
896.4 2241.04 152659 154900 300
896.5 2241.04 152659 154900 300
896.6 2241.04 152660 154901 300
896.7 2241.04 152659 154900 300
896.8 2241.04 152660 154901 300
896.9 2241.04 152660 154901 300
897 2241.04 152659 154900 300
897.1 2241.04 152659 154900 300
897.2 2241.04 152659 154900 300
897.3 2241.04 152659 154900 300
897.4 2241.04 152659 154900 300
897.5 2241.04 152660 154901 300
897.6 2241.04 152659 154900 300
897.7 2241.04 152659 154900 300
897.8 2241.04 152659 154900 300
897.9 2241.04 152659 154900 300
898 2241.04 152659 154900 300
898.1 2241.04 152659 154900 300
898.2 2241.04 152658 154899 300
898.3 2241.04 152658 154899 300
898.4 2241.04 152658 154899 300
898.5 2241.04 152658 154899 300
898.6 2241.04 152660 154901 300
898.7 2241.04 152658 154899 300
898.8 2241.04 152658 154899 300
898.9 2241.04 152665 154906 300
899 2241.04 152659 154900 300
899.1 2241.04 152659 154900 300
899.2 2241.04 152659 154900 300
899.3 2241.04 152660 154901 300
899.4 2241.04 152659 154900 300
899.5 2241.04 152659 154900 300
899.6 2241.04 152659 154900 300
899.7 2241.04 152658 154899 300
899.8 2241.04 152666 154907 300
899.9 2241.04 152657 154898 300
900 2241.04 152658 154899 300
900.1 2241.04 152658 154899 300
900.2 2241.04 152665 154906 300
900.3 2241.04 152659 154900 300
900.4 2241.04 152658 154899 300
900.5 2241.04 152658 154899 300
900.6 2241.04 152659 154900 300
900.7 2241.04 152659 154900 300
900.8 2241.04 152660 154901 300
900.9 2241.04 152659 154900 300
901 2241.04 152659 154900 300
901.1 2241.04 152660 154901 300
901.2 2241.04 152659 154901 300
901.3 2241.04 152660 154901 300
901.4 2241.04 152660 154901 300
901.5 2241.04 152660 154901 300
901.6 2241.04 152659 154900 300
901.7 2241.04 152659 154900 300
901.8 2241.04 152659 154900 300
901.9 2241.04 152659 154900 300
902 2241.04 152660 154901 300
902.1 2241.04 152659 154901 300
902.2 2241.04 152660 154901 300
902.3 2241.04 152671 154912 300
902.4 2241.04 152660 154901 300
902.5 2241.04 152658 154899 300
902.6 2241.04 152659 154900 300
902.7 2241.04 152659 154900 300
902.8 2241.04 152659 154900 300
902.9 2241.04 152659 154900 300
903 2241.04 152659 154900 300
903.1 2241.04 152659 154900 300
903.2 2241.04 152658 154899 300
903.3 2241.04 152658 154899 300
903.4 2241.04 152660 154901 300
903.5 2241.04 152658 154899 300
903.6 2241.04 152663 154904 300
903.7 2241.04 152659 154900 300
903.8 2241.04 152659 154900 300
903.9 2241.04 152659 154900 300
904 2241.04 152659 154900 300
904.1 2241.04 152659 154900 300
904.2 2241.04 152659 154900 300
904.3 2241.04 152659 154900 300
904.4 2241.04 152659 154900 300
904.5 2241.04 152660 154901 300
904.6 2241.04 152659 154900 300
904.7 2241.04 152660 154901 300
904.8 2241.04 152659 154900 300
904.9 2241.04 152659 154901 300
905 2241.04 152660 154901 300
905.1 2241.04 152660 154901 300
905.2 2241.04 152659 154901 300
905.3 2241.04 152659 154900 300
905.4 2241.04 152659 154900 300
905.5 2241.04 152660 154901 300
905.6 2241.04 152659 154900 300
905.7 2241.04 152659 154900 300
905.8 2241.04 152659 154900 300
905.9 2241.04 152659 154900 300
906 2241.04 152659 154900 300
906.1 2241.04 152659 154900 300
906.2 2241.04 152660 154901 300
906.3 2241.04 152659 154900 300
906.4 2241.04 152660 154901 300
906.5 2241.04 152659 154900 300
906.6 2241.04 152659 154900 300
906.7 2241.04 152659 154900 300
906.8 2241.04 152659 154900 300
906.9 2241.04 152659 154900 300
907 2241.04 152658 154899 300
907.1 2241.04 152658 154899 300
907.2 2241.04 152658 154899 300
907.3 2241.04 152657 154898 300
907.4 2241.04 152658 154899 300
907.5 2241.04 152658 154899 300
907.6 2241.04 152658 154899 300
907.7 2241.04 152658 154899 300
907.8 2241.04 152658 154900 300
907.9 2241.04 152659 154900 300
908 2241.04 152658 154899 300
908.1 2241.04 152658 154899 300
908.2 2241.04 152658 154899 300
908.3 2241.04 152657 154898 300
908.4 2241.04 152658 154899 300
908.5 2241.04 152658 154899 300
908.6 2241.04 152658 154899 300
908.7 2241.04 152659 154900 300
908.8 2241.04 152658 154899 300
908.9 2241.04 152658 154899 300
909 2241.04 152659 154900 300
909.1 2241.04 152658 154899 300
909.2 2241.04 152658 154899 300
909.3 2241.04 152658 154900 300
909.4 2241.04 152659 154900 300
909.5 2241.04 152659 154900 300
909.6 2241.04 152659 154900 300
909.7 2241.04 152659 154900 300
909.8 2241.04 152659 154900 300
909.9 2241.04 152659 154900 300
910 2241.04 152659 154900 300
910.1 2241.04 152659 154900 300
910.2 2241.04 152659 154900 300
910.3 2241.04 152659 154900 300
910.4 2241.04 152659 154900 300
910.5 2241.04 152658 154899 300
910.6 2241.04 152658 154899 300
910.7 2241.04 152663 154905 300
910.8 2241.04 152660 154901 300
910.9 2241.04 152658 154899 300
911 2241.04 152658 154899 300
911.1 2241.04 152659 154900 300
911.2 2241.04 152659 154900 300
911.3 2241.04 152658 154899 300
911.4 2241.04 152658 154899 300
911.5 2241.04 152658 154899 300
911.6 2241.04 152658 154899 300
911.7 2241.04 152658 154899 300
911.8 2241.04 152658 154899 300
911.9 2241.04 152658 154899 300
912 2241.04 152658 154899 300
912.1 2241.04 152658 154899 300
912.2 2241.04 152658 154899 300
912.3 2241.04 152658 154899 300
912.4 2241.04 152659 154900 300
912.5 2241.04 152658 154900 300
912.6 2241.04 152659 154900 300
912.7 2241.04 152659 154900 300
912.8 2241.04 152671 154912 300
912.9 2241.04 152659 154900 300
913 2241.04 152658 154899 300
913.1 2241.04 152658 154899 300
913.2 2241.04 152658 154899 300
913.3 2241.04 152659 154900 300
913.4 2241.04 152659 154900 300
913.5 2241.04 152658 154899 300
913.6 2241.04 152660 154901 300
913.7 2241.04 152657 154898 300
913.8 2241.04 152657 154899 300
913.9 2241.04 152659 154900 300
914 2241.04 152658 154899 300
914.1 2241.04 152659 154900 300
914.2 2241.04 152659 154900 300
914.3 2241.04 152659 154900 300
914.4 2241.04 152659 154900 300
914.5 2241.04 152658 154899 300
914.6 2241.04 152658 154899 300
914.7 2241.04 152657 154898 300
914.8 2241.04 152657 154898 300
914.9 2241.04 152657 154898 300
915 2241.04 152657 154898 300
915.1 2241.04 152657 154898 300
915.2 2241.04 152657 154898 300
915.3 2241.04 152658 154899 300
915.4 2241.04 152656 154897 300
915.5 2241.04 152658 154899 300
915.6 2241.04 152658 154899 300
915.7 2241.04 152657 154898 300
915.8 2241.04 152657 154898 300
915.9 2241.04 152658 154899 300
916 2241.04 152658 154899 300
916.1 2241.04 152658 154899 300
916.2 2241.04 152658 154899 300
916.3 2241.04 152658 154899 300
916.4 2241.04 152658 154899 300
916.5 2241.04 152658 154899 300
916.6 2241.04 152658 154899 300
916.7 2241.04 152658 154899 300
916.8 2241.04 152658 154899 300
916.9 2241.04 152658 154899 300
917 2241.04 152658 154899 300
917.1 2241.04 152657 154898 300
917.2 2241.04 152658 154899 300
917.3 2241.04 152661 154902 300
917.4 2241.04 152678 154919 300
917.5 2241.04 152658 154899 300
917.6 2241.04 152658 154899 300
917.7 2241.04 152659 154900 300
917.8 2241.04 152657 154899 300
917.9 2241.04 152658 154899 300
918 2241.04 152658 154899 300
918.1 2241.04 152657 154898 300
918.2 2241.04 152657 154898 300
918.3 2241.04 152657 154898 300
918.4 2241.04 152657 154899 300
918.5 2241.04 152657 154898 300
918.6 2241.04 152657 154898 300
918.7 2241.04 152657 154898 300
918.8 2241.04 152657 154898 300
918.9 2241.04 152656 154897 300
919 2241.04 152659 154900 300
919.1 2241.04 152655 154896 300
919.2 2241.04 152658 154899 300
919.3 2241.04 152656 154897 300
919.4 2241.04 152657 154898 300
919.5 2241.04 152659 154900 300
919.6 2241.04 152657 154898 300
919.7 2241.04 152658 154899 300
919.8 2241.04 152658 154899 300
919.9 2241.04 152658 154899 300
920 2241.04 152658 154899 300
920.1 2241.04 152658 154899 300
920.2 2241.04 152658 154899 300
920.3 2241.04 152658 154899 300
920.4 2241.04 152658 154899 300
920.5 2241.04 152657 154898 300
920.6 2241.04 152657 154898 300
920.7 2241.04 152656 154897 300
920.8 2241.04 152658 154899 300
920.9 2241.04 152658 154899 300
921 2241.04 152657 154898 300
921.1 2241.04 152658 154899 300
921.2 2241.04 152658 154899 300
921.3 2241.04 152660 154901 300
921.4 2241.04 152657 154899 300
921.5 2241.04 152657 154898 300
921.6 2241.04 152660 154901 300
921.7 2241.04 152658 154899 300
921.8 2241.04 152658 154899 300
921.9 2241.04 152658 154899 300
922 2241.04 152658 154899 300
922.1 2241.04 152658 154899 300
922.2 2241.04 152658 154899 300
922.3 2241.04 152659 154900 300
922.4 2241.04 152659 154900 300
922.5 2241.04 152664 154905 300
922.6 2241.04 152658 154899 300
922.7 2241.04 152659 154900 300
922.8 2241.04 152658 154899 300
922.9 2241.04 152660 154901 300
923 2241.04 152658 154899 300
923.1 2241.04 152659 154900 300
923.2 2241.04 152659 154900 300
923.3 2241.04 152658 154900 300
923.4 2241.04 152658 154899 300
923.5 2241.04 152659 154900 300
923.6 2241.04 152659 154900 300
923.7 2241.04 152659 154900 300
923.8 2241.04 152659 154900 300
923.9 2241.04 152659 154900 300
924 2241.04 152659 154900 300
924.1 2241.04 152659 154900 300
924.2 2241.04 152658 154899 300
924.3 2241.04 152658 154899 300
924.4 2241.04 152659 154900 300
924.5 2241.04 152658 154899 300
924.6 2241.04 152659 154900 300
924.7 2241.04 152659 154900 300
924.8 2241.04 152658 154899 300
924.9 2241.04 152658 154899 300
925 2241.04 152659 154900 300
925.1 2241.04 152658 154899 300
925.2 2241.04 152658 154899 300
925.3 2241.04 152659 154900 300
925.4 2241.04 152658 154899 300
925.5 2241.04 152658 154899 300
925.6 2241.04 152659 154900 300
925.7 2241.04 152659 154900 300
925.8 2241.04 152659 154900 300
925.9 2241.04 152659 154900 300
926 2241.04 152659 154900 300
926.1 2241.04 152658 154900 300
926.2 2241.04 152658 154899 300
926.3 2241.04 152662 154903 300
926.4 2241.04 152657 154898 300
926.5 2241.04 152661 154902 300
926.6 2241.04 152658 154899 300
926.7 2241.04 152658 154899 300
926.8 2241.04 152659 154900 300
926.9 2241.04 152659 154900 300
927 2241.04 152659 154900 300
927.1 2241.04 152659 154900 300
927.2 2241.04 152659 154900 300
927.3 2241.04 152659 154900 300
927.4 2241.04 152659 154900 300
927.5 2241.04 152658 154899 300
927.6 2241.04 152658 154899 300
927.7 2241.04 152657 154898 300
927.8 2241.04 152658 154899 300
927.9 2241.04 152657 154898 300
928 2241.04 152658 154899 300
928.1 2241.04 152658 154899 300
928.2 2241.04 152658 154899 300
928.3 2241.04 152657 154898 300
928.4 2241.04 152658 154899 300
928.5 2241.04 152657 154898 300
928.6 2241.04 152658 154899 300
928.7 2241.04 152659 154900 300
928.8 2241.04 152659 154900 300
928.9 2241.04 152659 154900 300
929 2241.04 152659 154900 300
929.1 2241.04 152659 154900 300
929.2 2241.04 152659 154900 300
929.3 2241.04 152659 154900 300
929.4 2241.04 152659 154900 300
929.5 2241.04 152659 154900 300
929.6 2241.04 152659 154900 300
929.7 2241.04 152659 154900 300
929.8 2241.04 152659 154900 300
929.9 2241.04 152659 154900 300
930 2241.04 152659 154900 300
930.1 2241.04 152659 154900 300
930.2 2241.04 152659 154900 300
930.3 2241.04 152660 154901 300
930.4 2241.04 152659 154900 300
930.5 2241.04 152659 154900 300
930.6 2241.04 152660 154901 300
930.7 2241.04 152659 154900 300
930.8 2241.04 152659 154900 300
930.9 2241.04 152659 154900 300
931 2241.04 152659 154900 300
931.1 2241.04 152658 154899 300
931.2 2241.04 152658 154899 300
931.3 2241.04 152658 154899 300
931.4 2241.04 152658 154899 300
931.5 2241.04 152658 154899 300
931.6 2241.04 152657 154898 300
931.7 2241.04 152657 154898 300
931.8 2241.04 152657 154898 300
931.9 2241.04 152657 154898 300
932 2241.04 152658 154899 300
932.1 2241.04 152658 154899 300
932.2 2241.04 152658 154899 300
932.3 2241.04 152658 154899 300
932.4 2241.04 152658 154899 300
932.5 2241.04 152658 154899 300
932.6 2241.04 152658 154899 300
932.7 2241.04 152658 154899 300
932.8 2241.04 152658 154900 300
932.9 2241.04 152658 154900 300
933 2241.04 152659 154900 300
933.1 2241.04 152659 154900 300
933.2 2241.04 152659 154900 300
933.3 2241.04 152659 154900 300
933.4 2241.04 152658 154899 300
933.5 2241.04 152659 154900 300
933.6 2241.04 152659 154900 300
933.7 2241.04 152659 154900 300
933.8 2241.04 152659 154900 300
933.9 2241.04 152658 154899 300
934 2241.04 152668 154909 300
934.1 2241.04 152658 154899 300
934.2 2241.04 152659 154900 300
934.3 2241.04 152659 154900 300
934.4 2241.04 152659 154900 300
934.5 2241.04 152659 154900 300
934.6 2241.04 152659 154900 300
934.7 2241.04 152659 154900 300
934.8 2241.04 152659 154900 300
934.9 2241.04 152658 154899 300
935 2241.04 152660 154901 300
935.1 2241.04 152657 154899 300
935.2 2241.04 152658 154899 300
935.3 2241.04 152658 154899 300
935.4 2241.04 152658 154899 300
935.5 2241.04 152658 154899 300
935.6 2241.04 152658 154899 300
935.7 2241.04 152658 154899 300
935.8 2241.04 152657 154898 300
935.9 2241.04 152657 154898 300
936 2241.04 152657 154898 300
936.1 2241.04 152658 154899 300
936.2 2241.04 152658 154899 300
936.3 2241.04 152658 154899 300
936.4 2241.04 152657 154898 300
936.5 2241.04 152657 154898 300
936.6 2241.04 152659 154900 300
936.7 2241.04 152657 154898 300
936.8 2241.04 152657 154898 300
936.9 2241.04 152658 154899 300
937 2241.04 152657 154898 300
937.1 2241.04 152659 154900 300
937.2 2241.04 152657 154898 300
937.3 2241.04 152658 154899 300
937.4 2241.04 152658 154899 300
937.5 2241.04 152658 154899 300
937.6 2241.04 152658 154899 300
937.7 2241.04 152658 154899 300
937.8 2241.04 152658 154899 300
937.9 2241.04 152658 154899 300
938 2241.04 152660 154901 300
938.1 2241.04 152658 154900 300
938.2 2241.04 152659 154900 300
938.3 2241.04 152659 154900 300
938.4 2241.04 152659 154900 300
938.5 2241.04 152659 154900 300
938.6 2241.04 152659 154900 300
938.7 2241.04 152659 154900 300
938.8 2241.04 152659 154900 300
938.9 2241.04 152659 154900 300
939 2241.04 152659 154900 300
939.1 2241.04 152659 154900 300
939.2 2241.04 152659 154900 300
939.3 2241.04 152659 154900 300
939.4 2241.04 152659 154900 300
939.5 2241.04 152659 154900 300
939.6 2241.04 152659 154900 300
939.7 2241.04 152659 154900 300
939.8 2241.04 152659 154900 300
939.9 2241.04 152658 154899 300
940 2241.04 152659 154900 300
940.1 2241.04 152658 154899 300
940.2 2241.04 152658 154899 300
940.3 2241.04 152659 154900 300
940.4 2241.04 152659 154900 300
940.5 2241.04 152659 154900 300
940.6 2241.04 152659 154900 300
940.7 2241.04 152659 154900 300
940.8 2241.04 152659 154900 300
940.9 2241.04 152659 154900 300
941 2241.04 152659 154900 300
941.1 2241.04 152658 154899 300
941.2 2241.04 152660 154901 300
941.3 2241.04 152658 154899 300
941.4 2241.04 152658 154899 300
941.5 2241.04 152659 154900 300
941.6 2241.04 152659 154900 300
941.7 2241.04 152659 154900 300
941.8 2241.04 152658 154899 300
941.9 2241.04 152658 154899 300
942 2241.04 152658 154899 300
942.1 2241.04 152658 154899 300
942.2 2241.04 152657 154898 300
942.3 2241.04 152657 154898 300
942.4 2241.04 152657 154898 300
942.5 2241.04 152656 154897 300
942.6 2241.04 152657 154898 300
942.7 2241.04 152661 154902 300
942.8 2241.04 152656 154897 300
942.9 2241.04 152657 154898 300
943 2241.04 152658 154899 300
943.1 2241.04 152658 154899 300
943.2 2241.04 152657 154898 300
943.3 2241.04 152657 154898 300
943.4 2241.04 152658 154899 300
943.5 2241.04 152658 154899 300
943.6 2241.04 152658 154899 300
943.7 2241.04 152658 154899 300
943.8 2241.04 152658 154899 300
943.9 2241.04 152658 154899 300
944 2241.04 152658 154899 300
944.1 2241.04 152659 154900 300
944.2 2241.04 152659 154900 300
944.3 2241.04 152659 154900 300
944.4 2241.04 152659 154900 300
944.5 2241.04 152659 154900 300
944.6 2241.04 152659 154900 300
944.7 2241.04 152659 154900 300
944.8 2241.04 152658 154899 300
944.9 2241.04 152659 154900 300
945 2241.04 152658 154899 300
945.1 2241.04 152658 154899 300
945.2 2241.04 152658 154899 300
945.3 2241.04 152658 154899 300
945.4 2241.04 152658 154899 300
945.5 2241.04 152659 154900 300
945.6 2241.04 152658 154899 300
945.7 2241.04 152659 154900 300
945.8 2241.04 152658 154899 300
945.9 2241.04 152659 154900 300
946 2241.04 152658 154899 300
946.1 2241.04 152659 154900 300
946.2 2241.04 152659 154900 300
946.3 2241.04 152659 154900 300
946.4 2241.04 152658 154899 300
946.5 2241.04 152661 154902 300
946.6 2241.04 152659 154900 300
946.7 2241.04 152658 154899 300
946.8 2241.04 152658 154899 300
946.9 2241.04 152658 154900 300
947 2241.04 152658 154899 300
947.1 2241.04 152658 154899 300
947.2 2241.04 152658 154899 300
947.3 2241.04 152658 154899 300
947.4 2241.04 152658 154899 300
947.5 2241.04 152658 154899 300
947.6 2241.04 152659 154900 300
947.7 2241.04 152658 154899 300
947.8 2241.04 152658 154900 300
947.9 2241.04 152659 154900 300
948 2241.04 152659 154900 300
948.1 2241.04 152659 154900 300
948.2 2241.04 152659 154900 300
948.3 2241.04 152659 154900 300
948.4 2241.04 152659 154900 300
948.5 2241.04 152659 154900 300
948.6 2241.04 152659 154900 300
948.7 2241.04 152659 154900 300
948.8 2241.04 152659 154900 300
948.9 2241.04 152659 154900 300
949 2241.04 152659 154900 300
949.1 2241.04 152659 154900 300
949.2 2241.04 152659 154900 300
949.3 2241.04 152659 154900 300
949.4 2241.04 152659 154900 300
949.5 2241.04 152658 154899 300
949.6 2241.04 152657 154898 300
949.7 2241.04 152659 154900 300
949.8 2241.04 152657 154898 300
949.9 2241.04 152658 154899 300
950 2241.04 152658 154899 300
950.1 2241.04 152658 154899 300
950.2 2241.04 152658 154899 300
950.3 2241.04 152658 154899 300
950.4 2241.04 152658 154899 300
950.5 2241.04 152658 154899 300
950.6 2241.04 152658 154899 300
950.7 2241.04 152669 154910 300
950.8 2241.04 152657 154898 300
950.9 2241.04 152658 154899 300
951 2241.04 152658 154899 300
951.1 2241.04 152658 154899 300
951.2 2241.04 152658 154899 300
951.3 2241.04 152658 154900 300
951.4 2241.04 152658 154900 300
951.5 2241.04 152659 154900 300
951.6 2241.04 152659 154900 300
951.7 2241.04 152659 154900 300
951.8 2241.04 152659 154900 300
951.9 2241.04 152659 154900 300
952 2241.04 152659 154900 300
952.1 2241.04 152659 154900 300
952.2 2241.04 152659 154900 300
952.3 2241.04 152659 154900 300
952.4 2241.04 152659 154900 300
952.5 2241.04 152659 154900 300
952.6 2241.04 152659 154900 300
952.7 2241.04 152659 154900 300
952.8 2241.04 152659 154900 300
952.9 2241.04 152658 154899 300
953 2241.04 152658 154899 300
953.1 2241.04 152658 154899 300
953.2 2241.04 152658 154899 300
953.3 2241.04 152657 154898 300
953.4 2241.04 152657 154898 300
953.5 2241.04 152657 154898 300
953.6 2241.04 152657 154898 300
953.7 2241.04 152658 154899 300
953.8 2241.04 152658 154899 300
953.9 2241.04 152658 154899 300
954 2241.04 152658 154900 300
954.1 2241.04 152658 154899 300
954.2 2241.04 152658 154899 300
954.3 2241.04 152659 154900 300
954.4 2241.04 152659 154900 300
954.5 2241.04 152659 154900 300
954.6 2241.04 152659 154900 300
954.7 2241.04 152659 154900 300
954.8 2241.04 152659 154900 300
954.9 2241.04 152659 154900 300
955 2241.04 152659 154900 300
955.1 2241.04 152659 154900 300
955.2 2241.04 152659 154900 300
955.3 2241.04 152658 154899 300
955.4 2241.04 152658 154899 300
955.5 2241.04 152657 154898 300
955.6 2241.04 152658 154899 300
955.7 2241.04 152658 154899 300
955.8 2241.04 152658 154900 300
955.9 2241.04 152659 154900 300
956 2241.04 152659 154900 300
956.1 2241.04 152659 154900 300
956.2 2241.04 152659 154900 300
956.3 2241.04 152659 154900 300
956.4 2241.04 152659 154900 300
956.5 2241.04 152659 154900 300
956.6 2241.04 152659 154900 300
956.7 2241.04 152659 154900 300
956.8 2241.04 152659 154900 300
956.9 2241.04 152659 154900 300
957 2241.04 152659 154900 300
957.1 2241.04 152659 154900 300
957.2 2241.04 152659 154900 300
957.3 2241.04 152659 154900 300
957.4 2241.04 152659 154900 300
957.5 2241.04 152659 154900 300
957.6 2241.04 152658 154899 300
957.7 2241.04 152658 154899 300
957.8 2241.04 152660 154902 300
957.9 2241.04 152658 154900 300
958 2241.04 152659 154900 300
958.1 2241.04 152659 154900 300
958.2 2241.04 152659 154900 300
958.3 2241.04 152659 154900 300
958.4 2241.04 152659 154900 300
958.5 2241.04 152658 154899 300
958.6 2241.04 152657 154898 300
958.7 2241.04 152657 154898 300
958.8 2241.04 152658 154899 300
958.9 2241.04 152658 154899 300
959 2241.04 152658 154899 300
959.1 2241.04 152658 154899 300
959.2 2241.04 152658 154899 300
959.3 2241.04 152658 154899 300
959.4 2241.04 152658 154899 300
959.5 2241.04 152658 154899 300
959.6 2241.04 152658 154899 300
959.7 2241.04 152658 154900 300
959.8 2241.04 152658 154899 300
959.9 2241.04 152658 154899 300
960 2241.04 152658 154899 300
960.1 2241.04 152658 154899 300
960.2 2241.04 152657 154898 300
960.3 2241.04 152657 154898 300
960.4 2241.04 152657 154898 300
960.5 2241.04 152657 154898 300
960.6 2241.04 152658 154899 300
960.7 2241.04 152658 154899 300
960.8 2241.04 152659 154900 300
960.9 2241.04 152659 154900 300
961 2241.04 152659 154900 300
961.1 2241.04 152659 154900 300
961.2 2241.04 152659 154900 300
961.3 2241.04 152659 154900 300
961.4 2241.04 152659 154900 300
961.5 2241.04 152659 154900 300
961.6 2241.04 152659 154900 300
961.7 2241.04 152659 154900 300
961.8 2241.04 152659 154900 300
961.9 2241.04 152659 154900 300
962 2241.04 152659 154900 300
962.1 2241.04 152659 154900 300
962.2 2241.04 152659 154900 300
962.3 2241.04 152659 154900 300
962.4 2241.04 152659 154900 300
962.5 2241.04 152659 154900 300
962.6 2241.04 152659 154900 300
962.7 2241.04 152659 154900 300
962.8 2241.04 152659 154900 300
962.9 2241.04 152659 154900 300
963 2241.04 152659 154900 300
963.1 2241.04 152659 154900 300
963.2 2241.04 152658 154899 300
963.3 2241.04 152658 154899 300
963.4 2241.04 152658 154900 300
963.5 2241.04 152658 154899 300
963.6 2241.04 152665 154906 300
963.7 2241.04 152658 154899 300
963.8 2241.04 152659 154900 300
963.9 2241.04 152659 154900 300
964 2241.04 152659 154900 300
964.1 2241.04 152659 154900 300
964.2 2241.04 152658 154899 300
964.3 2241.04 152659 154900 300
964.4 2241.04 152658 154899 300
964.5 2241.04 152659 154900 300
964.6 2241.04 152659 154900 300
964.7 2241.04 152659 154900 300
964.8 2241.04 152659 154900 300
964.9 2241.04 152659 154900 300
965 2241.04 152659 154900 300
965.1 2241.04 152659 154900 300
965.2 2241.04 152659 154900 300
965.3 2241.04 152659 154900 300
965.4 2241.04 152659 154900 300
965.5 2241.04 152658 154900 300
965.6 2241.04 152659 154900 300
965.7 2241.04 152659 154900 300
965.8 2241.04 152659 154900 300
965.9 2241.04 152658 154899 300
966 2241.04 152659 154900 300
966.1 2241.04 152659 154900 300
966.2 2241.04 152659 154900 300
966.3 2241.04 152658 154900 300
966.4 2241.04 152659 154900 300
966.5 2241.04 152659 154900 300
966.6 2241.04 152659 154900 300
966.7 2241.04 152659 154900 300
966.8 2241.04 152659 154900 300
966.9 2241.04 152659 154900 300
967 2241.04 152659 154900 300
967.1 2241.04 152659 154900 300
967.2 2241.04 152659 154900 300
967.3 2241.04 152659 154900 300
967.4 2241.04 152659 154900 300
967.5 2241.04 152659 154900 300
967.6 2241.04 152659 154900 300
967.7 2241.04 152659 154900 300
967.8 2241.04 152659 154900 300
967.9 2241.04 152658 154899 300
968 2241.04 152668 154909 300
968.1 2241.04 152658 154899 300
968.2 2241.04 152658 154899 300
968.3 2241.04 152658 154899 300
968.4 2241.04 152658 154899 300
968.5 2241.04 152657 154898 300
968.6 2241.04 152664 154905 300
968.7 2241.04 152659 154900 300
968.8 2241.04 152661 154902 300
968.9 2241.04 152661 154902 300
969 2241.04 152662 154903 300
969.1 2241.04 152661 154902 300
969.2 2241.04 152657 154898 300
969.3 2241.04 152661 154902 300
969.4 2241.04 152661 154902 300
969.5 2241.04 152659 154900 300
969.6 2241.04 152660 154901 300
969.7 2241.04 152660 154901 300
969.8 2241.04 152662 154903 300
969.9 2241.04 152659 154900 300
970 2241.04 152661 154902 300
970.1 2241.04 152661 154902 300
970.2 2241.04 152661 154902 300
970.3 2241.04 152660 154901 300
970.4 2241.04 152660 154901 300
970.5 2241.04 152662 154903 300
970.6 2241.04 152662 154903 300
970.7 2241.04 152659 154900 300
970.8 2241.04 152659 154900 300
970.9 2241.04 152661 154902 300
971 2241.04 152663 154904 300
971.1 2241.04 152658 154899 300
971.2 2241.04 152659 154900 300
971.3 2241.04 152660 154901 300
971.4 2241.04 152661 154902 300
971.5 2241.04 152659 154900 300
971.6 2241.04 152658 154899 300
971.7 2241.04 152660 154901 300
971.8 2241.04 152660 154901 300
971.9 2241.04 152659 154900 300
972 2241.04 152658 154899 300
972.1 2241.04 152658 154900 300
972.2 2241.04 152661 154902 300
972.3 2241.04 152658 154899 300
972.4 2241.04 152658 154900 300
972.5 2241.04 152659 154900 300
972.6 2241.04 152660 154901 300
972.7 2241.04 152659 154900 300
972.8 2241.04 152659 154900 300
972.9 2241.04 152660 154901 300
973 2241.04 152660 154901 300
973.1 2241.04 152660 154901 300
973.2 2241.04 152659 154900 300
973.3 2241.04 152659 154900 300
973.4 2241.04 152661 154902 300
973.5 2241.04 152659 154900 300
973.6 2241.04 152658 154899 300
973.7 2241.04 152658 154899 300
973.8 2241.04 152658 154899 300
973.9 2241.04 152659 154900 300
974 2241.04 152658 154899 300
974.1 2241.04 152659 154900 300
974.2 2241.04 152659 154900 300
974.3 2241.04 152660 154901 300
974.4 2241.04 152659 154900 300
974.5 2241.04 152659 154900 300
974.6 2241.04 152660 154901 300
974.7 2241.04 152660 154901 300
974.8 2241.04 152658 154899 300
974.9 2241.04 152658 154899 300
975 2241.04 152660 154901 300
975.1 2241.04 152660 154901 300
975.2 2241.04 152659 154900 300
975.3 2241.04 152659 154900 300
975.4 2241.04 152659 154900 300
975.5 2241.04 152660 154901 300
975.6 2241.04 152660 154901 300
975.7 2241.04 152659 154900 300
975.8 2241.04 152659 154900 300
975.9 2241.04 152660 154901 300
976 2241.04 152659 154900 300
976.1 2241.04 152659 154900 300
976.2 2241.04 152659 154900 300
976.3 2241.04 152659 154900 300
976.4 2241.04 152659 154900 300
976.5 2241.04 152659 154900 300
976.6 2241.04 152659 154900 300
976.7 2241.04 152658 154899 300
976.8 2241.04 152658 154899 300
976.9 2241.04 152658 154899 300
977 2241.04 152658 154899 300
977.1 2241.04 152659 154900 300
977.2 2241.04 152658 154899 300
977.3 2241.04 152659 154900 300
977.4 2241.04 152659 154900 300
977.5 2241.04 152659 154900 300
977.6 2241.04 152658 154899 300
977.7 2241.04 152658 154899 300
977.8 2241.04 152659 154900 300
977.9 2241.04 152659 154900 300
978 2241.04 152659 154900 300
978.1 2241.04 152658 154899 300
978.2 2241.04 152658 154899 300
978.3 2241.04 152658 154900 300
978.4 2241.04 152661 154902 300
978.5 2241.04 152658 154899 300
978.6 2241.04 152658 154899 300
978.7 2241.04 152658 154899 300
978.8 2241.04 152658 154899 300
978.9 2241.04 152658 154899 300
979 2241.04 152659 154900 300
979.1 2241.04 152659 154900 300
979.2 2241.04 152659 154900 300
979.3 2241.04 152658 154899 300
979.4 2241.04 152658 154899 300
979.5 2241.04 152659 154900 300
979.6 2241.04 152659 154900 300
979.7 2241.04 152658 154899 300
979.8 2241.04 152660 154901 300
979.9 2241.04 152658 154899 300
980 2241.04 152659 154900 300
980.1 2241.04 152659 154900 300
980.2 2241.04 152659 154900 300
980.3 2241.04 152659 154900 300
980.4 2241.04 152659 154900 300
980.5 2241.04 152658 154899 300
980.6 2241.04 152658 154899 300
980.7 2241.04 152659 154900 300
980.8 2241.04 152659 154900 300
980.9 2241.04 152659 154900 300
981 2241.04 152659 154900 300
981.1 2241.04 152659 154900 300
981.2 2241.04 152658 154899 300
981.3 2241.04 152658 154899 300
981.4 2241.04 152658 154899 300
981.5 2241.04 152658 154899 300
981.6 2241.04 152659 154900 300
981.7 2241.04 152658 154899 300
981.8 2241.04 152659 154900 300
981.9 2241.04 152659 154900 300
982 2241.04 152659 154900 300
982.1 2241.04 152659 154900 300
982.2 2241.04 152659 154900 300
982.3 2241.04 152659 154900 300
982.4 2241.04 152661 154902 300
982.5 2241.04 152658 154899 300
982.6 2241.04 152659 154900 300
982.7 2241.04 152659 154900 300
982.8 2241.04 152659 154901 300
982.9 2241.04 152660 154901 300
983 2241.04 152660 154901 300
983.1 2241.04 152660 154901 300
983.2 2241.04 152660 154901 300
983.3 2241.04 152659 154900 300
983.4 2241.04 152660 154901 300
983.5 2241.04 152660 154901 300
983.6 2241.04 152660 154901 300
983.7 2241.04 152660 154901 300
983.8 2241.04 152660 154901 300
983.9 2241.04 152660 154902 300
984 2241.04 152660 154901 300
984.1 2241.04 152660 154901 300
984.2 2241.04 152660 154901 300
984.3 2241.04 152660 154901 300
984.4 2241.04 152659 154900 300
984.5 2241.04 152659 154900 300
984.6 2241.04 152659 154900 300
984.7 2241.04 152659 154900 300
984.8 2241.04 152659 154900 300
984.9 2241.04 152659 154900 300
985 2241.04 152659 154900 300
985.1 2241.04 152659 154900 300
985.2 2241.04 152660 154901 300
985.3 2241.04 152659 154900 300
985.4 2241.04 152659 154900 300
985.5 2241.04 152658 154899 300
985.6 2241.04 152659 154900 300
985.7 2241.04 152658 154899 300
985.8 2241.04 152660 154901 300
985.9 2241.04 152659 154900 300
986 2241.04 152660 154901 300
986.1 2241.04 152659 154901 300
986.2 2241.04 152660 154901 300
986.3 2241.04 152659 154900 300
986.4 2241.04 152659 154900 300
986.5 2241.04 152658 154899 300
986.6 2241.04 152659 154900 300
986.7 2241.04 152658 154899 300
986.8 2241.04 152662 154903 300
986.9 2241.04 152659 154900 300
987 2241.04 152659 154900 300
987.1 2241.04 152659 154900 300
987.2 2241.04 152659 154900 300
987.3 2241.04 152659 154900 300
987.4 2241.04 152659 154900 300
987.5 2241.04 152660 154901 300
987.6 2241.04 152659 154900 300
987.7 2241.04 152659 154901 300
987.8 2241.04 152659 154900 300
987.9 2241.04 152659 154900 300
988 2241.04 152659 154900 300
988.1 2241.04 152660 154901 300
988.2 2241.04 152660 154901 300
988.3 2241.04 152660 154901 300
988.4 2241.04 152660 154901 300
988.5 2241.04 152659 154900 300
988.6 2241.04 152660 154901 300
988.7 2241.04 152659 154900 300
988.8 2241.04 152660 154901 300
988.9 2241.04 152660 154901 300
989 2241.04 152660 154901 300
989.1 2241.04 152659 154900 300
989.2 2241.04 152659 154900 300
989.3 2241.04 152659 154900 300
989.4 2241.04 152659 154900 300
989.5 2241.04 152659 154900 300
989.6 2241.04 152658 154899 300
989.7 2241.04 152658 154899 300
989.8 2241.04 152657 154898 300
989.9 2241.04 152658 154899 300
990 2241.04 152658 154899 300
990.1 2241.04 152658 154899 300
990.2 2241.04 152658 154899 300
990.3 2241.04 152659 154900 300
990.4 2241.04 152658 154899 300
990.5 2241.04 152659 154900 300
990.6 2241.04 152659 154900 300
990.7 2241.04 152659 154900 300
990.8 2241.04 152659 154900 300
990.9 2241.04 152660 154901 300
991 2241.04 152659 154900 300
991.1 2241.04 152660 154901 300
991.2 2241.04 152659 154900 300
991.3 2241.04 152659 154900 300
991.4 2241.04 152658 154899 300
991.5 2241.04 152658 154899 300
991.6 2241.04 152658 154899 300
991.7 2241.04 152658 154899 300
991.8 2241.04 152658 154899 300
991.9 2241.04 152658 154899 300
992 2241.04 152659 154900 300
992.1 2241.04 152658 154899 300
992.2 2241.04 152658 154899 300
992.3 2241.04 152659 154900 300
992.4 2241.04 152659 154900 300
992.5 2241.04 152659 154901 300
992.6 2241.04 152660 154901 300
992.7 2241.04 152660 154901 300
992.8 2241.04 152660 154901 300
992.9 2241.04 152659 154900 300
993 2241.04 152659 154901 300
993.1 2241.04 152659 154900 300
993.2 2241.04 152660 154901 300
993.3 2241.04 152660 154901 300
993.4 2241.04 152660 154901 300
993.5 2241.04 152660 154901 300
993.6 2241.04 152660 154901 300
993.7 2241.04 152659 154900 300
993.8 2241.04 152659 154900 300
993.9 2241.04 152659 154900 300
994 2241.04 152659 154900 300
994.1 2241.04 152660 154901 300
994.2 2241.04 152659 154900 300
994.3 2241.04 152659 154900 300
994.4 2241.04 152659 154900 300
994.5 2241.04 152658 154900 300
994.6 2241.04 152659 154900 300
994.7 2241.04 152658 154899 300
994.8 2241.04 152659 154900 300
994.9 2241.04 152659 154900 300
995 2241.04 152662 154903 300
995.1 2241.04 152659 154900 300
995.2 2241.04 152660 154901 300
995.3 2241.04 152660 154901 300
995.4 2241.04 152660 154901 300
995.5 2241.04 152660 154901 300
995.6 2241.04 152660 154901 300
995.7 2241.04 152660 154901 300
995.8 2241.04 152660 154901 300
995.9 2241.04 152660 154901 300
996 2241.04 152660 154901 300
996.1 2241.04 152660 154901 300
996.2 2241.04 152660 154901 300
996.3 2241.04 152660 154901 300
996.4 2241.04 152660 154901 300
996.5 2241.04 152660 154901 300
996.6 2241.04 152660 154901 300
996.7 2241.04 152660 154901 300
996.8 2241.04 152660 154901 300
996.9 2241.04 152660 154901 300
997 2241.04 152660 154901 300
997.1 2241.04 152660 154901 300
997.2 2241.04 152660 154901 300
997.3 2241.04 152660 154901 300
997.4 2241.04 152659 154900 300
997.5 2241.04 152660 154901 300
997.6 2241.04 152659 154900 300
997.7 2241.04 152660 154901 300
997.8 2241.04 152660 154901 300
997.9 2241.04 152660 154901 300
998 2241.04 152660 154901 300
998.1 2241.04 152660 154901 300
998.2 2241.04 152660 154901 300
998.3 2241.04 152660 154901 300
998.4 2241.04 152660 154901 300
998.5 2241.04 152660 154901 300
998.6 2241.04 152660 154901 300
998.7 2241.04 152660 154901 300
998.8 2241.04 152660 154901 300
998.9 2241.04 152659 154900 300
999 2241.04 152661 154902 300
999.1 2241.04 152659 154900 300
999.2 2241.04 152659 154900 300
999.3 2241.04 152659 154901 300
999.4 2241.04 152659 154900 300
999.5 2241.04 152660 154901 300
999.6 2241.04 152660 154901 300
999.7 2241.04 152660 154901 300
999.8 2241.04 152660 154901 300
999.9 2241.04 152660 154901 300
